,ID1,ID2,Similarity,comp1,comp2,prop
0,0,779,0.475,Cc1cc(C)cc(O)c1,CNC(=O)Oc1cc(C)cc(C)c1,1.1810000000000005
1,1,503,0.6111111111111112,CCCOC,CCCCOC,0.6
2,2,411,1.0,Brc1ccc2ccccc2c1,c1c(Br)ccc2ccccc12,0.0
3,3,452,0.6170212765957447,CSc1nc(nc(n1)N(C)C)N(C)C,CN(C)c1nc(nc(n1)N(C)C)N(C)C,0.6879999999999997
4,4,72,0.6363636363636364,c1ccc2c3c(ccc2c1)c4cccc5cccc3c45,c1ccc2c(c1)c3cccc4cccc2c34,-2.0
5,5,869,0.5818181818181818,CCOP(=S)(CC)Oc1cc(Cl)c(Cl)cc1Cl,COP(=S)(OC)Oc1cc(Cl)c(Cl)cc1Cl,-0.03200000000000092
6,6,679,0.6428571428571429,CC1=C(CCCO1)C(=O)Nc2ccccc2,CC1=C(SCCO1)C(=O)Nc2ccccc2,0.5800000000000001
7,7,25,0.6363636363636364,Clc1cccc(Cl)c1c2c(Cl)cccc2Cl,Clc1cc(Cl)c(c(Cl)c1)c2c(Cl)cccc2Cl,-0.0699999999999994
8,8,815,0.5818181818181818,Nc1ccc(cc1)c2ccc(N)cc2,Nc1ccc(cc1)S(=O)(=O)c2ccc(N)cc2,0.3939999999999997
9,9,573,0.3563218390804598,COP(=S)(OC)Oc1ccc(Sc2ccc(OP(=S)(OC)OC)cc2)cc1,COP(=S)(OC)Oc1ccc(SC)c(C)c1,-1.6669999999999998
10,10,377,0.8513513513513513,CC(=O)OC3CCC4C2CCC1=CC(=O)CCC1(C)C2CCC34C,CCC(=O)OC3CCC4C2CCC1=CC(=O)CCC1(C)C2CCC34C,0.18599999999999994
11,11,376,0.6197183098591549,CCOP(=S)(OCC)N2C(=O)c1ccccc1C2=O,CCOP(=S)(OCC)SC(CCl)N2C(=O)c1ccccc1C2=O,2.9899999999999998
12,12,257,0.6097560975609756,NC(=N)NS(=O)(=O)c1ccc(N)cc1,Nc1ccc(cc1)S(N)(=O)=O,-0.6499999999999999
13,13,172,0.5,CCCC(O)CCC,CCCCC(O)CC,0.07000000000000006
14,14,631,0.6619718309859155,CCCN(CCC)c1c(cc(cc1N(=O)=O)S(N)(=O)=O)N(=O)=O,CCCN(CCC)c1c(cc(cc1N(=O)=O)C(C)C)N(=O)=O,1.33
15,15,898,0.4827586206896552,C=Cc1ccccc1,Sc1ccccc1,-0.6999999999999997
16,16,790,0.5789473684210527,CC(C)(C)CO,CC(C)(C)CCO,0.09999999999999998
17,17,644,0.22123893805309736,COc2cc1c(N)nc(nc1c(OC)c2OC)N3CCN(CC3)C(=O)OCC(C)(C)O,COc2c1occc1c(OC)c3c(=O)cc(C)oc23,-0.6169999999999995
18,18,252,0.8461538461538461,Clc1ccc(Cl)c(c1)c2cc(Cl)c(Cl)c(Cl)c2Cl,Clc1ccc(c(Cl)c1)c2cc(Cl)c(Cl)c(Cl)c2Cl,-0.29000000000000004
19,19,669,0.6842105263157895,Ic1cccc2ccccc12,Nc1cccc2ccccc12,-2.63
20,20,214,0.723404255319149,CCC(C)C1(CC=C)C(=O)NC(=O)NC1=O,O=C1NC(=O)NC(=O)C1(CC)C(C)CC,0.3740000000000001
21,21,351,0.625,CCCC(=O)CCC,CCCC(=O)CC,-0.4700000000000001
22,22,73,0.875,C1CCCCCC1,C1CCCCCCC1,0.6400000000000006
23,23,91,0.8846153846153846,OC1CCCCCCC1,OC1CCCCCC1,-0.41000000000000003
24,24,103,0.5675675675675675,CC(C)=CCCC(C)=CC(=O),CC(C)=CCC/C(C)=C\CO,0.3999999999999999
25,25,893,0.6491228070175439,Clc1cc(Cl)c(c(Cl)c1)c2c(Cl)cccc2Cl,Clc1cc(Cl)c(c(Cl)c1)c2c(Cl)cc(Cl)cc2Cl,1.3900000000000006
26,26,319,0.3770491803278688,CN(C)C(=O)NC1CC2CC1C3CCCC23,CN(C)C(=O)NC1CCCCCCC1,-0.9530000000000003
27,27,125,0.5882352941176471,CCNc1nc(Cl)nc(NC(C)(C)C#N)n1,CCNc1nc(Cl)nc(NC(C)C)n1,0.7000000000000002
28,28,580,0.4084507042253521,ClC(Cl)CC(=O)NC2=C(Cl)C(=O)c1ccccc1C2=O,O=C1c2ccccc2C(=O)c3ccccc13,0.16000000000000014
29,29,376,1.0,CCOP(=S)(OCC)SC(CCl)N1C(=O)c2ccccc2C1=O,CCOP(=S)(OCC)SC(CCl)N2C(=O)c1ccccc1C2=O,0.0
30,30,102,0.8,CCCCCC(=O)OC,CCCCCCCC(=O)OC,1.2999999999999998
31,31,94,0.5769230769230769,Clc1ccc(cc1)c2ccc(Cl)cc2,Clc1ccc(cc1)c2cc(Cl)ccc2Cl,-0.3099999999999996
32,32,265,0.6851851851851852,CCNc1nc(NC(C)C)nc(SC)n1,COCCCNc1nc(NC(C)C)nc(SC)n1,-0.1120000000000001
33,33,618,0.5,ClCCBr,ClCBr,-0.43000000000000005
34,34,758,0.6363636363636364,Cc1cccc(c1)N(=O)=O,Nc1cccc(c1)N(=O)=O,-0.25
35,35,898,0.5384615384615384,Nc1ccccc1,Sc1ccccc1,1.7100000000000002
36,36,573,0.6296296296296297,COP(=S)(OC)Oc1ccc(N(=O)=O)c(C)c1,COP(=S)(OC)Oc1ccc(SC)c(C)c1,0.5300000000000002
37,37,366,0.6610169491525424,Clc1ccc(Cl)c(c1)c2c(Cl)c(Cl)cc(Cl)c2Cl,Clc1ccc(Cl)c(c1)c2c(Cl)c(Cl)c(Cl)c(Cl)c2Cl,1.5199999999999996
38,38,322,0.23741007194244604,CCC(C)C(=O)OC2CC(C)C=C3C=CC(C)C(CCC1CC(O)CC(=O)O1)C23,CCCCC(=O)OC3(C(C)CC4C2CCC1=CC(=O)C=CC1(C)C2(F)C(O)CC34C)C(=O)CO,-1.295
39,39,246,0.31958762886597936,CCCC1C(=O)N3N(C1=O)c2cc(C)ccc2N=C3N(C)C,CCCCC1C(=O)N(N(C1=O)c2ccc(O)cc2)c3ccccc3,0.19199999999999973
40,40,87,0.6857142857142857,CCOC(=O)c1ccccc1,COC(=O)c1ccccc1,-0.46999999999999975
41,41,281,0.5,CC(=O)SC4CC1=CC(=O)CCC1(C)C5CCC2(C)C(CCC23CCC(=O)O3)C45,CC(=O)OC3(C)CCC4C2CCC1=CC(=O)CCC1(C)C2CCC34C,1.1109999999999998
42,42,885,0.38461538461538464,c2ccc1[nH]nnc1c2,c2ccc1ocnc1c2,0.3799999999999999
43,43,756,0.5652173913043478,c1ccc2ccccc2c1,c3ccc2nc1ccccc1cc2c3,0.06999999999999984
44,44,601,0.8636363636363636,CCCCCCCO,CCCCCCO,-0.5700000000000001
45,45,431,0.8636363636363636,CCCCCCCl,CCCCCCCCl,0.8799999999999999
46,46,558,0.45614035087719296,c1ccccc1n2ncc(N)c(Br)c2(=O),Cc2c(N)c(=O)n(c1ccccc1)n2C,-2.5029999999999997
47,47,394,0.6363636363636364,Oc1ccccc1N(=O)=O,Nc1ccccc1N(=O)=O,0.21999999999999997
48,48,883,0.5714285714285714,Cc1ccccc1O,Cc1ccccc1Br,1.6099999999999999
49,49,821,0.7391304347826086,CCN2c1cc(N(C)C)cc(C)c1NC(=O)c3cccnc23,CCN2c1cc(OC)cc(C)c1NC(=O)c3cccnc23,0.28199999999999914
50,50,273,1.0,CC12CCC(CC1)C(C)(C)O2,CC12CCC(CC1)C(C)(C)O2,0.10000000000000009
51,51,701,0.5294117647058824,CCCC(=C)C,CCC(=C)C,-0.2999999999999998
52,52,520,0.6785714285714286,O=C1NC(=O)C(=O)N1,O=C1NC(=O)C(=O)C(=O)N1,0.85
53,53,196,0.5135135135135135,O=N(=O)c1cc(Cl)c(Cl)cc1,Clc1cccc(c1)N(=O)=O,-0.43000000000000016
54,54,755,0.48717948717948717,CC1(C)C2CCC1(C)C(=O)C2,CC2(C)C1CCC(C)(C1)C2=O,-0.10999999999999988
55,55,693,0.6363636363636364,c1cc2ccc3cccc4ccc(c1)c2c34,c1ccc2c(c1)cc3ccc4cccc5ccc2c3c45,2.5229999999999997
56,56,93,0.330188679245283,OCC(O)COC(=O)c1ccccc1Nc2ccnc3cc(Cl)ccc23,CC(=O)CC(c1ccc(Cl)cc1)c2c(O)c3ccccc3oc2=O,1.2679999999999998
57,57,841,0.4666666666666667,CC(Cl)CCl,ClCC(C)C,0.3999999999999999
58,58,637,0.7313432835820896,OC3N=C(c1ccccc1)c2cc(Cl)ccc2NC3=O,OC3N=C(c1ccccc1Cl)c2cc(Cl)ccc2NC3=O,-0.34799999999999986
59,59,422,0.8333333333333334,C1CCCC1,C1CCCCC1,0.45999999999999996
60,60,639,0.3484848484848485,O=C1N(C2CCC(=O)NC2=O)C(=O)c3ccccc13,CC2=CC(=O)c1ccccc1C2=O,0.35399999999999965
61,61,321,0.7636363636363637,CCC1(C(=O)NC(=O)NC1=O)c2ccccc2,O=C1NC(=O)NC(=O)C1(CC=C)c1ccccc1,0.04700000000000015
62,62,307,0.46153846153846156,CN(C)C(=O)Nc1cccc(OC(=O)NC(C)(C)C)c1,CN(C)C(=O)Nc1cccc(c1)C(F)(F)F,0.5
63,63,249,0.8292682926829268,CCCOC(=O)c1ccc(N)cc1,CCCCOC(=O)c1ccc(N)cc1,0.6299999999999999
64,64,126,0.5555555555555556,CN(C)c1ccccc1,CCN(CC)c1ccccc1,1.1099999999999999
65,65,721,0.6428571428571429,CN(C)C(=O)C(c1ccccc1)c2ccccc2,c1ccccc1C(O)c2ccccc2,-0.43000000000000016
66,66,863,0.6388888888888888,COc1ccc(C=O)cc1,COc1ccc(C=CC)cc1,1.64
67,67,441,0.5135135135135135,c1(OC)ccc(CC=C)cc1,COc1ccc(Cl)cc1,-0.14000000000000012
68,68,332,0.6176470588235294,OCCOc1ccccc1,CCOc1ccccc1,1.6300000000000001
69,69,181,0.9142857142857143,CCCCCc1ccccc1,CCCCCCc1ccccc1,0.5700000000000003
70,70,640,0.5757575757575758,Clc1cc(Cl)c(Cl)c(c1Cl)c2c(Cl)c(Cl)cc(Cl)c2Cl,Clc1cc(c(Cl)c(Cl)c1Cl)c2cc(Cl)c(Cl)c(Cl)c2Cl,0.009999999999999787
71,71,376,0.4069767441860465,CCOP(=S)(OCC)SCn1c(=O)oc2cc(Cl)ccc12,CCOP(=S)(OCC)SC(CCl)N2C(=O)c1ccccc1C2=O,1.1070000000000002
72,72,580,0.5161290322580645,c1ccc2c(c1)c3cccc4cccc2c34,O=C1c2ccccc2C(=O)c3ccccc13,-0.8099999999999996
73,73,422,0.75,C1CCCCCCC1,C1CCCCC1,-1.0500000000000003
74,74,869,0.4838709677419355,COP(=O)(OC)OC(=CCl)c1cc(Cl)c(Cl)cc1Cl,COP(=S)(OC)Oc1cc(Cl)c(Cl)cc1Cl,1.1979999999999995
75,75,493,0.8636363636363636,CCCCCC#C,CCCCCCC#C,0.6500000000000004
76,76,875,0.53125,NC(=O)c1ccccc1O,Nc1ccccc1O,-1.1
77,77,732,0.3939393939393939,Cn1ccc(=O)[nH]c1=O,O=c1cc[nH]c(=O)[nH]1,0.6810000000000002
78,78,520,0.25,NC(=O)NC1NC(=O)NC1=O,O=C1NC(=O)C(=O)C(=O)N1,-0.3500000000000001
79,79,372,0.7258064516129032,CCc1cccc(CC)c1N(COC)C(=O)CCl,CCCCOCN(C(=O)CCl)c1c(CC)cccc1CC,0.9300000000000006
80,80,737,0.47058823529411764,Cc1ccccc1n3c(C)nc2ccccc2c3=O,Cc1c2ccccc2c(C)c3ccccc13,3.6450000000000005
81,81,445,0.6785714285714286,Clc1ccc(c(Cl)c1Cl)c2ccc(Cl)c(Cl)c2Cl,Clc1ccc(c(Cl)c1)c2ccc(Cl)c(Cl)c2Cl,-0.20999999999999996
82,82,749,0.9166666666666666,CCCCCCCCC(=O)OC,CCCCCCCCCC(=O)OC,1.3100000000000005
83,83,389,0.45,Oc1c(I)cc(C#N)cc1I,Oc1c(Br)cc(C#N)cc1Br,-0.2799999999999998
84,84,889,0.26666666666666666,C1SC(=S)NC1(=O),O=C1CCC(=O)N1,-2.07
85,85,829,0.23809523809523808,O=N(=O)OCC(CON(=O)=O)ON(=O)=O,O=N(=O)c1cc(cc(c1)N(=O)=O)N(=O)=O,0.6699999999999999
86,86,448,0.6862745098039216,CCNc1nc(NC(C)(C)C)nc(SC)n1,CCNc1nc(NC(C)(C)C)nc(OC)n1,-0.7610000000000001
87,87,798,0.65625,COC(=O)c1ccccc1,CC(=O)c1ccccc1,-0.5700000000000001
88,88,109,0.5,CCC(=O)OC,CCOC(=O)CC,0.52
89,89,783,0.5517241379310345,ClC1CC2C(C1Cl)C3(Cl)C(=C(Cl)C2(Cl)C3(Cl)Cl)Cl,ClC1C=CC2C1C3(Cl)C(=C(Cl)C2(Cl)C3(Cl)Cl)Cl,-0.5430000000000001
90,90,288,0.38461538461538464,COc1ccc(cc1)C(c2ccc(OC)cc2)C(Cl)(Cl)Cl,ClC(Cl)C(c1ccc(Cl)cc1)c2ccc(Cl)cc2,0.3100000000000005
91,91,819,0.8695652173913043,OC1CCCCCC1,OC1CCCCC1,-0.44
92,92,870,0.5217391304347826,CCOCCOCC,CCOCC,-0.68
93,93,190,0.7368421052631579,CC(=O)CC(c1ccc(Cl)cc1)c2c(O)c3ccccc3oc2=O,CC(=O)CC(c1ccccc1)c3c(O)c2ccccc2oc3=O,-1.9460000000000006
94,94,408,0.68,Clc1ccc(cc1)c2cc(Cl)ccc2Cl,Clc1ccc(cc1)c2cccc(Cl)c2Cl,0.040000000000000036
95,95,392,0.8484848484848485,O=C2NC(=O)C1(CC1)C(=O)N2,O=C2NC(=O)C1(CCC1)C(=O)N2,-0.23099999999999987
96,96,107,0.5294117647058824,Cc1ccc2cc(C)ccc2c1,Cc1ccc2cc3ccccc3cc2c1,2.0700000000000003
97,97,395,0.8072289156626506,CC(=O)OCC(=O)C3(O)CCC4C2CCC1=CC(=O)C=CC1(C)C2C(O)CC34C,CC12CC(O)C3C(CCC4=CC(=O)C=CC34C)C2CCC1(O)C(=O)CO,-1.19
98,98,398,0.5263157894736842,CC(C)c1ccc(C)cc1O,c1(O)c(C)ccc(C(C)C)c1,-0.14000000000000012
99,99,776,0.625,Oc1ccc(Cl)c(Cl)c1Cl,Clc1ccc(Cl)c(Cl)c1Cl,1.9000000000000004
100,100,680,0.6470588235294118,Oc1cc(Cl)c(Cl)c(Cl)c1Cl,Clc1cc(Cl)c(Cl)c(Cl)c1Cl,2.5000000000000004
101,101,783,0.18072289156626506,ClC1(C2(Cl)C3(Cl)C4(Cl)C5(Cl)C1(Cl)C3(Cl)Cl)C5(Cl)C(Cl)(Cl)C24Cl,ClC1C=CC2C1C3(Cl)C(=C(Cl)C2(Cl)C3(Cl)Cl)Cl,-0.48299999999999965
102,102,749,0.8333333333333334,CCCCCCCC(=O)OC,CCCCCCCCCC(=O)OC,1.5200000000000005
103,103,250,0.3902439024390244,CC(C)=CCC/C(C)=C\CO,CC(C)=CCCC(O)(C)C=C,-0.47
104,104,348,0.4819277108433735,Cc3nnc4CN=C(c1ccccc1Cl)c2cc(Cl)ccc2n34,CN2C(=O)CN=C(c1ccccc1)c3cc(Cl)ccc23,-0.33599999999999985
105,105,725,0.5384615384615384,ClC(Cl)(Cl)Cl,CC(Cl)(Cl)Cl,-0.31000000000000005
106,106,507,0.7111111111111111,COc1ccc(NC(=O)N(C)C)cc1Cl,CN(C)C(=O)Nc1ccc(C)c(Cl)c1,0.919
107,107,378,0.76,Cc1ccc2cc3ccccc3cc2c1,Nc3ccc2cc1ccccc1cc2c3,-1.79
108,108,264,0.4107142857142857,CCOC(=O)CC(SP(=S)(OC)OC)C(=O)OCC,CCOC(=O)CC(=O)OCC,-2.5500000000000003
109,109,673,0.625,CCOC(=O)CC,CCCC(=O)OCC,0.7000000000000001
110,110,783,0.76,OC1C=CC2C1C3(Cl)C(=C(Cl)C2(Cl)C3(Cl)Cl)Cl,ClC1C=CC2C1C3(Cl)C(=C(Cl)C2(Cl)C3(Cl)Cl)Cl,0.8570000000000002
111,111,692,0.8636363636363636,CCCCCCBr,CCCCCCCBr,0.6199999999999997
112,112,698,0.5714285714285714,Oc1cccc(Cl)c1,Clc1cccc(Cl)c1,2.34
113,113,253,0.48717948717948717,Cc1c(C)c(C)c(C)c(C)c1C,Cc1cc(C)c(C)c(C)c1C,-1.2300000000000004
114,114,569,0.6190476190476191,FC(F)(Cl)C(F)(Cl)Cl,FC(F)(Cl)C(F)(F)Cl,-0.2999999999999998
115,115,580,0.3953488372093023,OC4=C(C1CCC(CC1)c2ccc(Cl)cc2)C(=O)c3ccccc3C4=O,O=C1c2ccccc2C(=O)c3ccccc13,-0.7409999999999997
116,116,756,0.410958904109589,CN(C(=O)COc1nc2ccccc2s1)c3ccccc3,c3ccc2nc1ccccc1cc2c3,-1.2030000000000003
117,117,349,0.6764705882352942,c1cccc2c3c(C)cc4ccccc4c3ccc12,Cc1c(C)c2c3ccccc3ccc2c4ccccc14,0.41999999999999993
118,118,799,0.56,N(=Nc1ccccc1)c2ccccc2,c1ccc(cc1)c2ccccc2,-0.10500000000000043
119,119,370,0.38461538461538464,CCN(CC)C(=S)SSC(=S)N(CC)CC,CN(C)C(=S)SSC(=S)N(C)C,-0.9600000000000004
120,120,524,0.7560975609756098,CC(=O)OC3(CCC4C2C=C(C)C1=CC(=O)CCC1(C)C2CCC34C)C(C)=O,CC(=O)C3(C)CCC4C2C=C(C)C1=CC(=O)CCC1(C)C2CCC34C,-0.08000000000000007
121,121,799,0.5714285714285714,O=C(c1ccccc1)c2ccccc2,c1ccc(cc1)c2ccccc2,1.2249999999999996
122,122,643,0.39285714285714285,C/C1CCC(\C)CC1,CC1CCCC1,-1.17
123,123,507,0.38461538461538464,CN(C)C=Nc1ccc(Cl)cc1C,CN(C)C(=O)Nc1ccc(C)c(Cl)c1,0.6230000000000002
124,124,610,0.5454545454545454,Cc1ccc(cc1N(=O)=O)N(=O)=O,Cc1c(cccc1N(=O)=O)N(=O)=O,0.18000000000000016
125,125,564,0.6595744680851063,CCNc1nc(Cl)nc(NC(C)C)n1,CC(C)Nc1nc(Cl)nc(NC(C)C)n1,0.5799999999999996
126,126,383,0.46153846153846156,CCN(CC)c1ccccc1,CCCc1ccccc1,0.3400000000000003
127,127,817,0.4,Cn2cc(c1ccccc1)c(=O)c(c2)c3cccc(c3)C(F)(F)F,c1c(Cl)cccc1c2ccccc2,0.4349999999999996
128,128,895,0.32967032967032966,CCOP(=S)(NC(C)C)Oc1ccccc1C(=O)OC(C)C,CC(C)OP(=S)(OC(C)C)SCCNS(=O)(=O)c1ccccc1,0.006000000000000227
129,129,232,0.9,CCCCCC(=O)OCC,CCCCCCC(=O)OCC,0.3900000000000001
130,130,420,0.9333333333333333,O=C2NC(=O)C1(CCCCCCC1)C(=O)N2,O=C2NC(=O)C1(CCCCCC1)C(=O)N2,0.18599999999999994
131,131,768,0.391304347826087,ClC(Cl)C(Cl)(Cl)Cl,ClC(Cl)(Cl)C(Cl)(Cl)Cl,1.0699999999999998
132,132,875,0.5714285714285714,Oc1ccccc1O,Nc1ccccc1O,1.3399999999999999
133,133,366,0.8518518518518519,Clc1ccc(c(Cl)c1)c2c(Cl)c(Cl)c(Cl)c(Cl)c2Cl,Clc1ccc(Cl)c(c1)c2c(Cl)c(Cl)c(Cl)c(Cl)c2Cl,1.0199999999999996
134,134,643,0.5,C/C1CCCCC1\C,CC1CCCC1,-1.0
135,135,342,0.4807692307692308,Clc2ccc(Oc1ccc(cc1)N(=O)=O)c(Cl)c2,Clc1ccc(cc1)N(=O)=O,-2.54
136,136,538,0.5348837209302325,Cc1cc(C)c2ccccc2c1,Cc1cccc2ccccc12,-0.5899999999999999
137,137,772,0.5714285714285714,Clc1ccc(Br)cc1,Cc1ccc(Cl)cc1,-0.5499999999999998
138,138,496,0.35714285714285715,ClC(=C)Cl,ClC=C(Cl)Cl,0.32000000000000006
139,139,227,0.36363636363636365,CC=C,CCC=C,0.8599999999999999
140,140,349,0.8709677419354839,Cc1c2ccccc2c(C)c3ccc4ccccc4c13,Cc1c(C)c2c3ccccc3ccc2c4ccccc14,-0.009999999999999787
141,141,810,0.3559322033898305,CCNP(=S)(OC)OC(=CC(=O)OC(C)C)C,CNC(=O)C=C(C)OP(=O)(OC)OC,-4.059
142,142,603,0.38636363636363635,COP(=O)(OC)C(O)C(Cl)(Cl)Cl,COP(=O)(OC)OC(Br)C(Cl)(Cl)Br,2.0599999999999996
143,143,760,0.22916666666666666,Cc1ncc(N(=O)=O)n1CCO,Cc1ccc(cc1)N(=O)=O,1.2300000000000002
144,144,695,0.6388888888888888,O=C1NC(=O)NC(=O)C1(C)CC,O=C1NC(=O)NC(=O)C1(C)C,0.514
145,145,665,0.3333333333333333,c1cncnc1,c1ccnnc1,0.0
146,146,164,0.6538461538461539,Clc1cccc(c1)c2cc(Cl)ccc2Cl,Clc1ccc(Cl)c(c1)c2ccc(Cl)c(Cl)c2,1.2400000000000002
147,147,563,0.6060606060606061,CCc1ccccc1CC,CCc1ccccc1C,-0.06999999999999984
148,148,459,0.325,ClC1=C(Cl)C(Cl)(C(=C1Cl)Cl)C2(Cl)C(=C(Cl)C(=C2Cl)Cl)Cl,Clc1c(Cl)c(Cl)c(c(Cl)c1Cl)c2c(Cl)c(Cl)c(Cl)c(Cl)c2Cl,4.322
149,149,407,0.45454545454545453,NC(=S)N,NC(=O)N,-0.6399999999999999
150,150,225,0.5851063829787234,CC1CC2C3CCC(O)(C(=O)C)C3(C)CC(O)C2(F)C4(C)C=CC(=O)C=C14,CC1CC2C3CC(F)C4=CC(=O)C=CC4(C)C3(F)C(O)CC2(C)C1(O)C(=O)CO,1.5140000000000002
151,151,643,0.3076923076923077,CC1CCCO1,CC1CCCC1,3.4099999999999997
152,152,858,0.59375,CC(C)Cc1ccccc1,CCc1ccccc1,-1.35
153,153,575,0.3939393939393939,Nc1nc(=O)[nH]cc1F,Nc1cc[nH]c(=O)n1,0.18300000000000005
154,154,842,0.4166666666666667,CCC(C)C(=O)C,CC(C)CC(=O)C,0.06999999999999995
155,155,563,0.35294117647058826,CC1(C)CON(Cc2ccccc2Cl)C1=O,CCc1ccccc1C,0.8719999999999999
156,156,329,0.6463414634146342,CC23Cc1cnoc1C=C2CCC4C3CCC5(C)C4CCC5(O)C#C,CC12CCC(=O)C=C1CCC3C2CCC4(C)C3CCC4(O)C#C,0.15299999999999958
157,157,497,0.5,CC(C)O,CC(C)C(C)O,0.61
158,158,407,0.45454545454545453,CC(=O)N,NC(=O)N,0.6200000000000001
159,159,179,0.47368421052631576,c2ccc1scnc1c2,Sc2nc1ccccc1s2,1.6800000000000002
160,160,329,0.7857142857142857,CC1(O)CCC2C3CCC4=CC(=O)CCC4(C)C3CCC21C,CC12CCC(=O)C=C1CCC3C2CCC4(C)C3CCC4(O)C#C,1.661
161,161,636,0.3333333333333333,CCCC(O)C=C,CCCC(C)CO,0.5200000000000001
162,162,669,0.6842105263157895,Oc1cccc2ccccc12,Nc1cccc2ccccc12,-0.30000000000000027
163,163,538,0.675,CCc1cccc2ccccc12,Cc1cccc2ccccc12,-0.46999999999999975
164,164,365,0.660377358490566,Clc1ccc(Cl)c(c1)c2ccc(Cl)c(Cl)c2,Clc1ccc(c(Cl)c1)c2cc(Cl)ccc2Cl,-0.6799999999999997
165,165,686,0.8333333333333334,C1CCOCC1,C1CCOC1,-0.52
166,166,744,0.6,Oc1c(Cl)cccc1Cl,Oc1cccc(Cl)c1Cl,-0.49
167,167,283,0.4444444444444444,COC(C)(C)C,CCC(C)(C)C,3.3099999999999996
168,168,299,0.5846153846153846,O2c1ccccc1N(C)C(=O)c3cccnc23,CCN2c1ccccc1N(C)C(=O)c3cccnc23,-0.3480000000000003
169,169,263,0.5,CC(=C)C,CC(=C)C(=C)C,0.06999999999999984
170,170,354,0.8518518518518519,CC34CC(O)C1(F)C(CCC2=CC(=O)C=CC12C)C3CC(O)C4(O)C(=O)CO,CC1CC2C3CCC4=CC(=O)C=CC4(C)C3(F)C(O)CC2(C)C1(O)C(=O)CO,-0.0900000000000003
171,171,394,0.6363636363636364,Cc1ccccc1N(=O)=O,Nc1ccccc1N(=O)=O,-0.3700000000000001
172,172,346,0.56,CCCCC(O)CC,CCCCC(C)O,-0.58
173,173,621,0.8125,CC(=O)OCC(=O)C3(O)C(CC4C2CCC1=CC(=O)C=CC1(C)C2(F)C(O)CC34C)OC(C)=O,CC4CC3C2CCC1=CC(=O)C=CC1(C)C2(F)C(O)CC3(C)C4(O)C(=O)COC(C)=O,0.7700000000000005
174,174,708,0.6901408450704225,CC34CC(=O)C1C(CCC2=CC(=O)CCC12C)C3CCC4(=O),CC34CCC1C(CCC2=CC(=O)CCC12C)C3CCC4=O,0.20999999999999996
175,175,668,0.42857142857142855,CC(=O)C(C)(C)C,CC(O)C(C)(C)C,-0.09999999999999998
176,176,896,0.5714285714285714,Nc1ccccc1Cl,Clc1ccccc1I,2.02
177,177,261,0.6341463414634146,Oc2ncc1nccnc1n2,COc2ncc1nccnc1n2,-0.837
178,178,251,0.6,Oc1cc(Cl)cc(Cl)c1,Clc1cc(Cl)cc(Cl)c1,3.1400000000000006
179,179,390,0.37209302325581395,Sc2nc1ccccc1s2,c1ccc2ncccc2c1,-1.8800000000000001
180,180,588,0.3717948717948718,Oc1ccc(cc1)C2(OC(=O)c3ccccc23)c4ccc(O)cc4,Oc1ccc(cc1)c2ccccc2,0.5800000000000001
181,181,710,0.7777777777777778,CCCCCCc1ccccc1,CCCCc1ccccc1,-1.1500000000000004
182,182,581,0.2631578947368421,CC=C(C)C,CN(C)C(=O)C,-3.67
183,183,853,0.6,C1c2ccccc2c3ccccc13,Cc1cccc2c1Cc3ccccc32,0.21999999999999975
184,184,299,0.6875,CCN2c1ncccc1N(C)C(=O)c3cccnc23,CCN2c1ccccc1N(C)C(=O)c3cccnc23,0.7039999999999997
185,185,301,0.29310344827586204,CCN(CC)C(=S)SCC(Cl)=C,CCN(CC)C(=O)CSc1ccc(Cl)nn1,-1.6740000000000002
186,186,759,0.7209302325581395,O=C1NC(=O)NC(=O)C1(CC)CC,CCCCC1(CC)C(=O)NC(=O)NC1=O,-0.7389999999999999
187,187,870,0.35714285714285715,CCC,CCOCC,-1.8499999999999999
188,188,700,0.2967741935483871,COc5cc4OCC3Oc2c1CC(Oc1ccc2C(=O)C3c4cc5OC)C(C)=C,COc1cc(cc(OC)c1O)C6C2C(COC2=O)C(OC4OC3COC(C)OC3C(O)C4O)c7cc5OCOc5cc67,-0.8489999999999998
189,189,643,0.85,CC1CCCCC1,CC1CCCC1,-0.5500000000000003
190,190,396,0.509090909090909,CC(=O)CC(c1ccccc1)c3c(O)c2ccccc2oc3=O,OC(CC(c1ccccc1)c3c(O)c2ccccc2oc3=O)c4ccc(cc4)c5ccc(Br)cc5,0.5520000000000005
191,191,493,0.6521739130434783,CCCCC#C,CCCCCCC#C,1.3000000000000003
192,192,649,0.875,CCCCCC(=O)C,CCCCCCC(=O)C,0.5999999999999999
193,193,594,0.3064516129032258,CN1CC(O)N(C1=O)c2nnc(s2)C(C)(C)C,CSc1nnc(c(=O)n1N)C(C)(C)C,0.3760000000000001
194,194,611,0.47619047619047616,Cc1ncnc2nccnc12,c2cnc1ncncc1n2,-0.48600000000000004
195,195,423,0.76,c3ccc2c(O)c1ccccc1cc2c3,Cc1c2ccccc2cc3ccccc13,1.1599999999999993
196,196,758,0.6363636363636364,Clc1cccc(c1)N(=O)=O,Nc1cccc(c1)N(=O)=O,-0.5800000000000001
197,197,649,0.68,CCCCC(=O)C,CCCCCCC(=O)C,1.2499999999999998
198,198,357,0.5894736842105263,CC(C)=CC3C(C(=O)OCc2cccc(Oc1ccccc1)c2)C3(C)C,CC1(C)C(C=C(Br)Br)C1C(=O)OC(C#N)c2cccc(Oc3ccccc3)c2,3.162000000000001
199,199,731,0.6046511627906976,c1cc2ccc3ccc4ccc5ccc6ccc1c7c2c3c4c5c67,c1cc2ccc3ccc4ccc5cccc6c(c1)c2c3c4c56,-0.31400000000000006
200,200,334,0.4827586206896552,Oc1ccccn1,CCc1ccccn1,0.51
201,201,772,0.5714285714285714,Oc1ccc(Cl)cc1,Cc1ccc(Cl)cc1,2.38
202,202,407,0.2777777777777778,NC(N)=NC#N,NC(=O)N,-1.27
203,203,283,0.5789473684210527,CCCC(C)(C)C,CCC(C)(C)C,-0.8100000000000005
204,204,348,0.75,CN2C(=O)CN=C(c1ccccc1)c3cc(ccc23)N(=O)=O,CN2C(=O)CN=C(c1ccccc1)c3cc(Cl)ccc23,-0.041999999999999815
205,205,314,0.5833333333333334,CCN(Cc1c(F)cccc1Cl)c2c(cc(cc2N(=O)=O)C(F)(F)F)N(=O)=O,CCN(CC(C)=C)c1c(cc(cc1N(=O)=O)C(F)(F)F)N(=O)=O,-0.6560000000000006
206,206,861,0.6296296296296297,Cc1cccc(C)c1,Cc1cccc(N)c1,-1.9699999999999998
207,207,831,0.625,Oc1c(Cl)cc(Cl)cc1Cl,Clc1cc(Cl)c(Cl)c(Cl)c1,2.29
208,208,878,0.8533333333333334,O=C1N(COC(=O)CC)C(=O)C(N1)(c2ccccc2)c3ccccc3,O=C1N(COC(=O)C)C(=O)C(N1)(c2ccccc2)c3ccccc3,-0.4370000000000003
209,209,263,0.3333333333333333,CC(=C)C=C,CC(=C)C(=C)C,0.3700000000000001
210,210,900,0.6060606060606061,NC(=O)c1cccnc1,COC(=O)c1cccnc1,1.07
211,211,658,0.6301369863013698,CC45CCC2C(CCC3CC1SC1CC23C)C4CCC5O,CC34CCC1C(CCC2CC(=O)CCC12C)C3CCC4O,-0.6669999999999998
212,212,788,0.5483870967741935,CC12CC2(C)C(=O)N(C1=O)c3cc(Cl)cc(Cl)c3,CC1(OC(=O)N(C1=O)c2cc(Cl)cc(Cl)c2)C=C,0.125
213,213,404,0.46,c1c(NC(=O)OC(C)C(=O)NCC)cccc1,CCNc1ccccc1,-0.13000000000000012
214,214,633,0.8,O=C1NC(=O)NC(=O)C1(CC)C(C)CC,O=C1NC(=O)NC(=O)C1(CC)C(C)CCC,0.0
215,215,624,0.2727272727272727,CC(=O)Nc1cc(NS(=O)(=O)C(F)(F)F)c(C)cc1C,Cc1cccc(C)c1NC(=O)c2cc(c(Cl)cc2O)S(N)(=O)=O,0.5499999999999998
216,216,405,0.325,CCSC(=O)N(CC(C)C)CC(C)C,CC(C)CC(C)C,0.5799999999999996
217,217,275,0.4594594594594595,C1Cc2ccccc2C1,c2ccc1NCCc1c2,-2.0
218,218,899,0.29347826086956524,c1cc(O)c(O)c2OCC3(O)CC4=CC(=O)C(O)=CC4=C3c21,Oc2cc(O)c1C(=O)CC(Oc1c2)c3ccc(O)c(O)c3,0.9199999999999999
219,219,416,1.0,CC=CC=O,C/C=C/C=O,0.0
220,220,336,0.4634146341463415,CCOC(=O)CCN(SN(C)C(=O)Oc1cccc2CC(C)(C)Oc21)C(C)C,CNC(=O)Oc1cccc2CC(C)(C)Oc12,-1.9100000000000001
221,221,569,0.3333333333333333,FC(F)(F)C(Cl)Br,FC(F)(Cl)C(F)(F)Cl,1.0300000000000002
222,222,706,0.6764705882352942,CC12CCC3C(CCc4cc(O)ccc34)C2CCC1O,CC12CCC3C(CCc4cc(O)ccc34)C2CCC1=O,-1.0750000000000002
223,223,492,0.5714285714285714,Fc1cccc(F)c1,Fc1cccc(Br)c1,0.6699999999999999
224,224,430,0.6153846153846154,CCCOC(=O)C,CCCCCOC(=O)C,1.17
225,225,354,0.7471264367816092,CC1CC2C3CC(F)C4=CC(=O)C=CC4(C)C3(F)C(O)CC2(C)C1(O)C(=O)CO,CC1CC2C3CCC4=CC(=O)C=CC4(C)C3(F)C(O)CC2(C)C1(O)C(=O)CO,-2.0230000000000006
226,226,269,0.7391304347826086,CON(C)C(=O)Nc1ccc(Br)c(Cl)c1,CON(C)C(=O)Nc1ccc(Cl)c(Cl)c1,-0.33199999999999985
227,227,482,0.3888888888888889,CCC=C,CCCCC=C,1.29
228,228,797,0.5,CNC(=O)Oc1cccc(N=CN(C)C)c1,CNC(=O)Oc1ccc(N(C)C)c(C)c1,0.020000000000000018
229,229,829,0.5384615384615384,Cc1c(cc(cc1N(=O)=O)N(=O)=O)N(=O)=O,O=N(=O)c1cc(cc(c1)N(=O)=O)N(=O)=O,-0.33000000000000007
230,230,618,0.3333333333333333,BrCBr,ClCBr,-0.2799999999999999
231,231,840,0.5862068965517241,CCC1CCCCC1,CCCC1CCCC1,0.4900000000000002
232,232,859,0.9090909090909091,CCCCCCC(=O)OCC,CCCCCCCC(=O)OCC,0.6499999999999999
233,233,365,0.5423728813559322,Oc1cc(Cl)ccc1Oc2ccc(Cl)cc2Cl,Clc1ccc(c(Cl)c1)c2cc(Cl)ccc2Cl,2.1100000000000003
234,234,280,0.8909090909090909,CCCCCCCCCCCCCCCCCCO,CCCCCCCCCCCCCCCCO,-1.4000000000000004
235,235,473,0.25,c1ccoc1,c1ccsc1,0.5100000000000001
236,236,732,0.3333333333333333,Sc1nccc(=O)[nH]1,O=c1cc[nH]c(=O)[nH]1,-0.7849999999999999
237,237,801,0.48148148148148145,CCC(O)(CC)CC,CCCC(C)(O)CC,0.13
238,238,780,0.24324324324324326,c1c(OC)c(OC)C2C(=O)OCC2c1,c1c(O)C2C(=O)C3cc(O)ccC3OC2cc1(OC),1.044
239,239,707,0.23076923076923078,BrC(Br)(Br)Br,Brc1ccccc1Br,0.3599999999999999
240,240,267,0.35714285714285715,ClCC,CCCCCl,0.9699999999999998
241,241,835,0.5853658536585366,CC(=O)Nc1ccc(cc1)N(=O)=O,CC(=O)Nc1ccc(Cl)cc1,0.1509999999999998
242,242,774,0.4583333333333333,CCCCOC=O,CCCCC=O,-0.5200000000000001
243,243,826,0.4444444444444444,CCCCS,CCCCO,-2.18
244,244,773,0.5294117647058824,CC(C)CO,CC(C)CCO,0.61
245,245,760,0.6363636363636364,Nc1ccc(cc1)N(=O)=O,Cc1ccc(cc1)N(=O)=O,0.1200000000000001
246,246,822,0.7402597402597403,CCCCC1C(=O)N(N(C1=O)c2ccc(O)cc2)c3ccccc3,CCCCC1C(=O)N(N(C1=O)c2ccccc2)c3ccccc3,0.08000000000000007
247,247,891,0.6428571428571429,CNc1ccccc1,NNc1ccccc1,-1.35
248,248,788,0.4246575342465753,CC(C)NC(=O)N1CC(=O)N(C1=O)c2cc(Cl)cc(Cl)c2,CC1(OC(=O)N(C1=O)c2cc(Cl)cc(Cl)c2)C=C,0.5489999999999995
249,249,685,0.7142857142857143,CCCCOC(=O)c1ccc(N)cc1,CCOC(=O)c1ccc(N)cc1,-0.46599999999999975
250,250,552,0.2857142857142857,CC(C)=CCCC(O)(C)C=C,CCCC(C)(C)O,-1.5
251,251,831,0.42857142857142855,Clc1cc(Cl)cc(Cl)c1,Clc1cc(Cl)c(Cl)c(Cl)c1,0.14999999999999947
252,252,445,0.7090909090909091,Clc1ccc(c(Cl)c1)c2cc(Cl)c(Cl)c(Cl)c2Cl,Clc1ccc(c(Cl)c1)c2ccc(Cl)c(Cl)c2Cl,0.41000000000000014
253,253,495,0.4594594594594595,Cc1cc(C)c(C)c(C)c1C,Cc1cc(C)c(C)cc1C,0.5899999999999999
254,254,787,0.717391304347826,CC(C)OC(=O)Nc1cccc(Cl)c1,CC(OC(=O)Nc1cccc(Cl)c1)C#C,-0.7629999999999999
255,255,401,0.2553191489361702,CCCC1COC(Cn2cncn2)(O1)c3ccc(Cl)cc3Cl,CC(C)(C)C(=O)C(Oc1ccc(Cl)cc1)n2cncn2,0.11699999999999955
256,256,701,0.4666666666666667,CCC(=O)C,CCC(=C)C,3.25
257,257,815,0.49019607843137253,Nc1ccc(cc1)S(N)(=O)=O,Nc1ccc(cc1)S(=O)(=O)c2ccc(N)cc2,1.7539999999999998
258,258,462,0.4666666666666667,CCC#C,CCCC#C,0.3999999999999999
259,259,518,0.2,C=C,C=CC=C,1.4700000000000002
260,260,338,0.2413793103448276,CCNC(=S)NCC,CCC(O)CC,-1.22
261,261,611,0.5116279069767442,COc2ncc1nccnc1n2,c2cnc1ncncc1n2,-1.1300000000000001
262,262,576,0.2608695652173913,CC(C)C1CCC(C)CC1O,CC1(C)C2CCC1(C)C(O)C2,-0.20999999999999996
263,263,701,0.3333333333333333,CC(=C)C(=C)C,CCC(=C)C,0.33000000000000007
264,264,673,0.47058823529411764,CCOC(=O)CC(=O)OCC,CCCC(=O)OCC,0.5400000000000001
265,265,386,0.576271186440678,COCCCNc1nc(NC(C)C)nc(SC)n1,CSc1nc(NC(C)C)nc(NC(C)C)n1,1.1719999999999997
266,266,363,0.7027027027027027,COC(=O)c1ccc(O)cc1,CCOC(=O)c1ccc(O)cc1,0.5230000000000001
267,267,435,0.7058823529411765,CCCCCl,CCCCCCl,0.7000000000000002
268,268,835,0.43478260869565216,CCOc1ccc(NC(N)=O)cc1,CC(=O)Nc1ccc(Cl)cc1,0.673
269,269,343,0.75,CON(C)C(=O)Nc1ccc(Cl)c(Cl)c1,CN(C)C(=O)Nc1ccc(Cl)c(Cl)c1,0.20799999999999974
270,270,510,0.7692307692307693,c1c(NC(=O)c2ccccc2(I))cccc1,c1ccccc1NC(=O)c2c(O)cccc2,-0.6200000000000001
271,271,732,0.20454545454545456,c1cC2C(=O)NC(=O)C2cc1,O=c1cc[nH]c(=O)[nH]1,-1.4439999999999997
272,272,883,0.5714285714285714,Fc1ccccc1Br,Cc1ccccc1Br,-0.4700000000000002
273,273,755,0.37209302325581395,CC12CCC(CC1)C(C)(C)O2,CC2(C)C1CCC(C)(C1)C2=O,0.1100000000000001
274,274,292,0.44,CNC(=O)ON=C(SC)C(=O)N(C)C,CNC(=O)ON=C(CSC)C(C)(C)C,1.7260000000000002
275,275,896,0.32432432432432434,c2ccc1NCCc1c2,Clc1ccccc1I,2.5
276,276,339,0.5043478260869565,OCC3OC(OCC2OC(OC(C#N)c1ccccc1)C(O)C(O)C2O)C(O)C(O)C3O,COC(=O)c1ccccc1OC2OC(COC3OCC(O)C(O)C3O)C(O)C(O)C2O,-0.028000000000000025
277,277,659,0.18461538461538463,ClC(Cl)C(Cl)(Cl)SN2C(=O)C1CC=CCC1C2=O,Clc1cccc(n1)C(Cl)(Cl)Cl,-1.6400000000000006
278,278,471,0.4875,CN(C)C(=O)Nc1ccc(c(Cl)c1)n2nc(oc2=O)C(C)(C)C,CC(C)Oc1cc(c(Cl)cc1Cl)n2nc(oc2=O)C(C)(C)C,1.3680000000000003
279,279,832,0.328125,CN(C=Nc1ccc(C)cc1C)C=Nc2ccc(C)cc2C,Cc1ccc(C)c(C)c1,-2.1599999999999997
280,280,568,0.9387755102040817,CCCCCCCCCCCCCCCCO,CCCCCCCCCCCCCCCO,-0.6500000000000004
281,281,329,0.6835443037974683,CC(=O)OC3(C)CCC4C2CCC1=CC(=O)CCC1(C)C2CCC34C,CC12CCC(=O)C=C1CCC3C2CCC4(C)C3CCC4(O)C#C,0.37600000000000033
282,282,793,0.35714285714285715,CCI,CCCCI,1.3599999999999999
283,283,683,0.5294117647058824,CCC(C)(C)C,CCC(C)(C)Cl,-1.04
284,284,631,0.3783783783783784,CCC(C)c1cc(cc(N(=O)=O)c1O)N(=O)=O,CCCN(CCC)c1c(cc(cc1N(=O)=O)C(C)C)N(=O)=O,3.1100000000000003
285,285,545,0.6122448979591837,CCCCCCCCOC(=O)c1ccccc1C(=O)OCCCCCCCC,c1(C(=O)OCCCCCC(C)(C))c(C(=O)OCCCCCC(C)(C))cccc1,1.5220000000000002
286,286,454,0.43283582089552236,CCCCc1c(C)nc(NCC)nc1OS(=O)(=O)N(C)C,CCCCc1c(C)nc(nc1O)N(C)C,-1.92
287,287,364,0.6621621621621622,CC(=O)C3CCC4C2CC=C1CC(O)CCC1(C)C2CCC34C,CC34CCC1C(CC=C2CC(O)CCC12C)C3CCC4=O,-0.5300000000000002
288,288,614,0.639344262295082,ClC(Cl)C(c1ccc(Cl)cc1)c2ccc(Cl)cc2,ClC(Cl)C(c1ccc(Cl)cc1)c2ccccc2Cl,-0.6900000000000004
289,289,619,0.3409090909090909,CC(=O)OCC(COC(=O)C)OC(=O)C,CC(C)COC(=O)C,0.61
290,290,463,0.56,c1ccc2c(c1)sc3ccccc23,c1ccc2c(c1)[nH]c3ccccc32,0.8899999999999997
291,291,361,0.6,O=N(=O)c1c(Cl)c(Cl)ccc1,Clc1ccccc1N(=O)=O,-0.9300000000000002
292,292,320,0.2222222222222222,CNC(=O)ON=C(CSC)C(C)(C)C,CC(C)CC(C)(C)C,3.12
293,293,547,0.45,CCOc1ccc(cc1)C(C)(C)COCc3cccc(Oc2ccccc2)c3,CCOC(=O)NCCOc2ccc(Oc1ccccc1)cc2,-3.8999999999999995
294,294,768,0.22950819672131148,ClC(Cl)(Cl)C(NC=O)N1C=CN(C=C1)C(NC=O)C(Cl)(Cl)Cl,ClC(Cl)(Cl)C(Cl)(Cl)Cl,-0.5200000000000005
295,295,545,0.5,CCCCC(CC)COC(=O)c1ccccc1C(=O)OCC(CC)CCCC,c1(C(=O)OCCCCCC(C)(C))c(C(=O)OCCCCCC(C)(C))cccc1,-0.3229999999999995
296,296,418,0.5,CSC,CSSC,0.99
297,297,615,0.625,Clc1ccccc1c2ccccc2Cl,Clc1ccccc1c2ccccc2,-0.7299999999999995
298,298,572,0.6551724137931034,CC34CC(O)C1(F)C(CCC2=CC(=O)CCC12C)C3CCC4(O)C(=O)CO,CC12CC(O)C3C(CCC4=CC(=O)CCC34C)C2CCC1(O)C(=O)CO,-0.3400000000000003
299,299,522,0.8,CCN2c1ccccc1N(C)C(=O)c3cccnc23,CCN2c1ccccc1N(C)C(=S)c3cccnc23,1.3820000000000006
300,300,585,0.6341463414634146,CCc1ccc2ccccc2c1,Oc1ccc2ccccc2c1,-2.0100000000000002
301,301,722,0.26582278481012656,CCN(CC)C(=O)CSc1ccc(Cl)nn1,CCN(CC)C(=O)C(C)Oc1cccc2ccccc12,1.8539999999999999
302,302,541,0.45,C=CCC=C,C=CCCC=C,0.5900000000000003
303,303,669,0.4166666666666667,C1Cc2cccc3cccc1c23,Nc1cccc2ccccc12,-2.71
304,304,519,0.2857142857142857,CBr,CCBr,0.30000000000000004
305,305,746,0.7948717948717948,COc2cnc1cncnc1n2,COc2cnc1ncncc1n2,0.22899999999999998
306,306,444,0.2235294117647059,Nc1cc(nc(N)n1=O)N2CCCCC2,O=C(C=CC=Cc2ccc1OCOc1c2)N3CCCCC3,1.4709999999999999
307,307,662,0.5,CN(C)C(=O)Nc1cccc(c1)C(F)(F)F,CN(C)C(=O)Nc1ccccc1,-1.83
308,308,725,0.3888888888888889,ClC(Cl)(Cl)N(=O)=O,CC(Cl)(Cl)Cl,0.0
309,309,671,0.5588235294117647,O2c1cc(C)ccc1N(C)C(=O)c3cc(N)cnc23,O2c1ccc(N)cc1N(C)C(=O)c3cc(C)ccc23,0.8849999999999998
310,310,384,0.5072463768115942,ClC(Cl)=C(c1ccc(Cl)cc1)c2ccc(Cl)cc2,OC(c1ccc(Cl)cc1)(c2ccc(Cl)cc2)C(Cl)(Cl)Cl,-1.234
311,311,723,0.36363636363636365,CC#N,CCC#N,-0.020000000000000018
312,312,901,0.4666666666666667,CCC(C)Cl,CCC(C)C,1.2200000000000002
313,313,886,0.3235294117647059,OCC(O)CO,OCC(O)C(O)C(O)C(O)CO,0.030000000000000027
314,314,417,0.7246376811594203,CCN(CC(C)=C)c1c(cc(cc1N(=O)=O)C(F)(F)F)N(=O)=O,CCCCN(CC)c1c(cc(cc1N(=O)=O)C(F)(F)F)N(=O)=O,-0.5939999999999994
315,315,415,0.5636363636363636,CCOP(=S)(OCC)SCSP(=S)(OCC)OCC,CCOP(=S)(OCC)SCSCC,-1.4299999999999997
316,316,730,0.2222222222222222,CI,CC(C)I,1.0899999999999999
317,317,685,0.3181818181818182,CC(=O)N(S(=O)c1ccc(N)cc1)c2onc(C)c2C,CCOC(=O)c1ccc(N)cc1,-0.9739999999999998
318,318,783,0.5925925925925926,ClC2=C(Cl)C3(Cl)C1C=CCC1C2(Cl)C3(Cl)Cl,ClC1C=CC2C1C3(Cl)C(=C(Cl)C2(Cl)C3(Cl)Cl)Cl,0.6770000000000005
319,319,819,0.3409090909090909,CN(C)C(=O)NC1CCCCCCC1,OC1CCCCC1,-1.778
320,320,600,0.5833333333333334,CC(C)CC(C)(C)C,CC(C)CC(C)(C)O,-3.8200000000000003
321,321,862,0.484375,O=C1NC(=O)NC(=O)C1(CC=C)c1ccccc1,CCC1(C(=O)NCNC1=O)c2ccccc2,0.2709999999999999
322,322,354,0.7040816326530612,CCCCC(=O)OC3(C(C)CC4C2CCC1=CC(=O)C=CC1(C)C2(F)C(O)CC34C)C(=O)CO,CC1CC2C3CCC4=CC(=O)C=CC4(C)C3(F)C(O)CC2(C)C1(O)C(=O)CO,-1.12
323,323,588,0.7272727272727273,Cc1ccc(cc1)c2ccccc2,Oc1ccc(cc1)c2ccccc2,-1.1400000000000001
324,324,750,0.5303030303030303,CCCCOC(=O)CCCCCCCCC(=O)OCCCC,CCCCCCCCCC(=O)OCC,0.20399999999999974
325,325,840,0.6774193548387096,CCCCCC1CCCC1,CCCC1CCCC1,-1.3399999999999999
326,326,762,0.46551724137931033,CCSCc1ccccc1OC(=O)NC,CNC(=O)Oc1cccc2ccccc12,1.1340000000000003
327,327,394,0.5833333333333334,COc1ccccc1N(=O)=O,Nc1ccccc1N(=O)=O,0.0
328,328,749,0.8571428571428571,CCCCCCCCCCCC(=O)OC,CCCCCCCCCC(=O)OC,0.0
329,329,843,0.8028169014084507,CC12CCC(=O)C=C1CCC3C2CCC4(C)C3CCC4(O)C#C,CC34CCC1C(CCC2=CC(=O)CCC12O)C3CCC4(O)C#C,-1.0899999999999999
330,330,482,0.5238095238095238,OCCCC=C,CCCCC=C,3.08
331,331,406,0.6,CC(C)C,CC(C)Cl,-1.14
332,332,858,0.53125,CCOc1ccccc1,CCc1ccccc1,0.43999999999999995
333,333,387,0.625,Clc1cc(Cl)c(Cl)cc1Cl,Oc1cc(Cl)c(Cl)cc1Cl,-3.3499999999999996
334,334,858,0.3939393939393939,CCc1ccccn1,CCc1ccccc1,3.2800000000000002
335,335,604,0.23076923076923078,Nc1nc[nH]n1,Nc1nc(O)nc2nc[nH]c12,3.923
336,336,762,0.4032258064516129,CNC(=O)Oc1cccc2CC(C)(C)Oc12,CNC(=O)Oc1cccc2ccccc12,0.4240000000000004
337,337,417,0.5263157894736842,CCN(CC)c1c(cc(c(N)c1N(=O)=O)C(F)(F)F)N(=O)=O,CCCCN(CC)c1c(cc(cc1N(=O)=O)C(F)(F)F)N(=O)=O,0.0600000000000005
338,338,480,0.4444444444444444,CCC(O)CC,CCC(C)O,-0.71
339,339,508,0.44329896907216493,COC(=O)c1ccccc1OC2OC(COC3OCC(O)C(O)C3O)C(O)C(O)C2O,OCC2OC(Oc1ccccc1CO)C(O)C(O)C2O,0.10799999999999998
340,340,698,0.2926829268292683,Clc2ccc1oc(=O)[nH]c1c2,Clc1cccc(Cl)c1,0.20899999999999963
341,341,640,0.5384615384615384,Clc1ccc(cc1Cl)c2cc(Cl)c(Cl)c(Cl)c2Cl,Clc1cc(c(Cl)c(Cl)c1Cl)c2cc(Cl)c(Cl)c(Cl)c2Cl,1.3399999999999999
342,342,760,0.6363636363636364,Clc1ccc(cc1)N(=O)=O,Cc1ccc(cc1)N(=O)=O,-0.4299999999999997
343,343,507,0.7209302325581395,CN(C)C(=O)Nc1ccc(Cl)c(Cl)c1,CN(C)C(=O)Nc1ccc(C)c(Cl)c1,-0.3169999999999997
344,344,592,0.4,CN(=O)=O,CC(C)N(=O)=O,0.88
345,345,564,0.6938775510204082,COc1nc(NC(C)C)nc(NC(C)C)n1,CC(C)Nc1nc(Cl)nc(NC(C)C)n1,1.9519999999999995
346,346,549,0.7727272727272727,CCCCC(C)O,CCCCCC(C)O,0.66
347,347,835,0.6666666666666666,CN(C)C(=O)Nc1ccc(Cl)cc1,CC(=O)Nc1ccc(Cl)cc1,-0.04700000000000015
348,348,740,0.5,CN2C(=O)CN=C(c1ccccc1)c3cc(Cl)ccc23,O=C3CN=C(c1ccccc1)c2cc(ccc2N3)N(=O)=O,0.041999999999999815
349,349,634,0.6285714285714286,Cc1c(C)c2c3ccccc3ccc2c4ccccc14,Nc3cc2c1ccccc1ccc2c4ccccc34,-0.8099999999999996
350,350,488,0.8928571428571429,CCCCCCCC=C,CCCCCCCCC=C,0.45999999999999996
351,351,673,0.5,CCCC(=O)CC,CCCC(=O)OCC,0.5300000000000001
352,352,717,0.4772727272727273,CC1=CC(=O)CC(C)(C)C1,CN(C)C(=O)OC1=CC(=O)CC(C)(C)C1,-0.21000000000000008
353,353,606,0.5,CCOP(=S)(OCC)Oc1cc(C)nc(n1)C(C)C,CCOP(=S)(OCC)Oc1nc(Cl)n(n1)C(C)C,0.017999999999999794
354,354,621,0.8160919540229885,CC1CC2C3CCC4=CC(=O)C=CC4(C)C3(F)C(O)CC2(C)C1(O)C(=O)CO,CC4CC3C2CCC1=CC(=O)C=CC1(C)C2(F)C(O)CC3(C)C4(O)C(=O)COC(C)=O,1.3100000000000005
355,355,644,0.24210526315789474,COC1=CC(=O)CC(C)C13Oc2c(Cl)c(OC)cc(OC)c2C3=O,COc2c1occc1c(OC)c3c(=O)cc(C)oc23,-0.2250000000000001
356,356,465,0.6551724137931034,CCCOC(=O)CC,CCCCCOC(=O)CC,0.4600000000000001
357,357,739,0.7717391304347826,CC1(C)C(C=C(Br)Br)C1C(=O)OC(C#N)c2cccc(Oc3ccccc3)c2,CC1(C)C(C=C(Cl)C(F)(F)F)C1C(=O)OC(C#N)c2cccc(Oc3ccccc3)c2,-0.22600000000000087
358,358,360,0.6363636363636364,C1CCC=CCC1,C1CC=CC1,-1.08
359,359,766,0.35714285714285715,ClCC(Cl)Cl,BrC(Cl)Cl,0.06000000000000005
360,360,887,0.2222222222222222,C1CC=CC1,C1C=CCC=C1,-0.040000000000000036
361,361,394,0.6363636363636364,Clc1ccccc1N(=O)=O,Nc1ccccc1N(=O)=O,-0.5899999999999999
362,362,698,0.5714285714285714,Clc1cccc(Br)c1,Clc1cccc(Cl)c1,-0.16999999999999993
363,363,685,0.6923076923076923,CCOC(=O)c1ccc(O)cc1,CCOC(=O)c1ccc(N)cc1,0.266
364,364,720,0.5945945945945946,CC34CCC1C(CC=C2CC(O)CCC12C)C3CCC4=O,CC34CCC1C(CCC2CC(O)CCC12C)C3CCC4=O,0.040000000000000036
365,365,846,0.6923076923076923,Clc1ccc(c(Cl)c1)c2cc(Cl)ccc2Cl,Clc1ccc(Cl)c(c1)c2cccc(Cl)c2Cl,-0.10000000000000053
366,366,612,0.5238095238095238,Clc1ccc(Cl)c(c1)c2c(Cl)c(Cl)c(Cl)c(Cl)c2Cl,Clc2c(Cl)c(Cl)c(c1ccccc1)c(Cl)c2Cl,-1.0199999999999996
367,367,568,0.9347826086956522,CCCCCCCCCCCCCCO,CCCCCCCCCCCCCCCO,0.5099999999999998
368,368,874,0.4074074074074074,CCOC(=O)c1cncn1C(C)c2ccccc2,CC(O)c1ccccc1,-3.8150000000000004
369,369,590,0.8888888888888888,CCCCCCCC(C)O,CCCCCCC(C)O,-0.6500000000000004
370,370,879,0.3611111111111111,CN(C)C(=S)SSC(=S)N(C)C,CN(C)C(=O)N(C)C,-4.84
371,371,739,0.625,CC1(C)C(C(=O)OC(C#N)c2cccc(Oc3ccccc3)c2)C1(C)C,CC1(C)C(C=C(Cl)C(F)(F)F)C1C(=O)OC(C#N)c2cccc(Oc3ccccc3)c2,2.151
372,372,562,0.4533333333333333,CCCCOCN(C(=O)CCl)c1c(CC)cccc1CC,CCc1cccc(C)c1N(C(C)COC)C(=O)CCl,-1.4600000000000004
373,373,847,0.25806451612903225,CC(=O)Nc1nnc(s1)S(N)(=O)=O,CCOc2ccc1nc(sc1c2)S(N)(=O)=O,1.4500000000000002
374,374,673,0.7307692307692307,CCCCC(=O)OCC,CCCC(=O)OCC,-0.8899999999999999
375,375,714,0.5,CCCCC(CC)CO,CCCCC(C)CC,3.0500000000000003
376,376,639,0.32,CCOP(=S)(OCC)SC(CCl)N2C(=O)c1ccccc1C2=O,CC2=CC(=O)c1ccccc1C2=O,-3.31
377,377,708,0.6125,CCC(=O)OC3CCC4C2CCC1=CC(=O)CCC1(C)C2CCC34C,CC34CCC1C(CCC2=CC(=O)CCC12C)C3CCC4=O,-1.6800000000000002
378,378,651,0.6065573770491803,Nc3ccc2cc1ccccc1cc2c3,c1ccc2cc3cc4ccccc4cc3cc2c1,3.4299999999999997
379,379,846,0.6923076923076923,Clc1cccc(c1Cl)c2cccc(Cl)c2Cl,Clc1ccc(Cl)c(c1)c2cccc(Cl)c2Cl,-0.8100000000000005
380,380,896,0.5714285714285714,Clc1ccccc1Cl,Clc1ccccc1I,0.4900000000000002
381,381,644,0.43478260869565216,COc2c1occc1cc3ccc(=O)oc23,COc2c1occc1c(OC)c3c(=O)cc(C)oc23,-0.6429999999999998
382,382,821,0.547945205479452,CCN2c1cc(Cl)ccc1NC(=O)c3cccnc23,CCN2c1cc(OC)cc(C)c1NC(=O)c3cccnc23,-0.20700000000000074
383,383,710,0.7741935483870968,CCCc1ccccc1,CCCCc1ccccc1,0.6899999999999995
384,384,434,0.425,OC(c1ccc(Cl)cc1)(c2ccc(Cl)cc2)C(Cl)(Cl)Cl,c1ccc(Cl)cc1C(c2ccc(Cl)cc2)(O)C(=O)OC(C)C,-1.1360000000000001
385,385,527,0.3333333333333333,CCCCSP(=O)(SCCCC)SCCCC,CCCCCCCCC,0.7400000000000002
386,386,564,0.6938775510204082,CSc1nc(NC(C)C)nc(NC(C)C)n1,CC(C)Nc1nc(Cl)nc(NC(C)C)n1,0.33000000000000007
387,387,544,0.4594594594594595,Oc1cc(Cl)c(Cl)cc1Cl,Oc1c(Cl)cc(Cl)c(Cl)c1Cl,0.8900000000000001
388,388,585,0.6842105263157895,Clc1ccc2ccccc2c1,Oc1ccc2ccccc2c1,-1.8599999999999999
389,389,467,0.34146341463414637,Oc1c(Br)cc(C#N)cc1Br,Brc1cc(Br)c(Br)cc1Br,3.6500000000000004
390,390,620,0.55,c1ccc2ncccc2c1,Oc2ccc1ncccc1c2,0.8600000000000001
391,391,775,0.5,CCO,CCCO,0.4800000000000001
392,392,474,0.8378378378378378,O=C2NC(=O)C1(CCC1)C(=O)N2,O=C2NC(=O)C1(CCCC1)C(=O)N2,0.6940000000000002
393,393,512,0.9651162790697675,O=C1N(COC(=O)CCCCCCC)C(=O)C(N1)(c2ccccc2)c3ccccc3,O=C1N(COC(=O)CCCCCC)C(=O)C(N1)(c2ccccc2)c3ccccc3,-0.22199999999999953
394,394,489,0.5526315789473685,Nc1ccccc1N(=O)=O,O=N(=O)c1ccccc1N(=O)=O,1.1400000000000001
395,395,572,0.6904761904761905,CC12CC(O)C3C(CCC4=CC(=O)C=CC34C)C2CCC1(O)C(=O)CO,CC12CC(O)C3C(CCC4=CC(=O)CCC34C)C2CCC1(O)C(=O)CO,-0.0900000000000003
396,396,593,0.4090909090909091,OC(CC(c1ccccc1)c3c(O)c2ccccc2oc3=O)c4ccc(cc4)c5ccc(Br)cc5,c1ccc(cc1)c2ccc(cc2)c3ccccc3,2.665
397,397,888,0.5714285714285714,Nc1ccc(Cl)cc1,Cc1ccc(N)cc1,-0.44999999999999996
398,398,514,0.47368421052631576,c1(O)c(C)ccc(C(C)C)c1,CC(C)c1ccc(C)cc1,1.69
399,399,832,0.6,Cc1ccc(O)c(C)c1,Cc1ccc(C)c(C)c1,2.12
400,400,410,0.6595744680851063,CC(C)N(C(C)C)C(=O)SCC(=CCl)Cl,CC(C)N(C(C)C)C(=O)SCC(Cl)=C(Cl)Cl,0.5939999999999994
401,401,441,0.3559322033898305,CC(C)(C)C(=O)C(Oc1ccc(Cl)cc1)n2cncn2,COc1ccc(Cl)cc1,-0.8300000000000001
402,402,487,0.29545454545454547,O=c2[nH]c(=O)c1[nH]c(=O)[nH]c1[nH]2,Fc1c[nH]c(=O)[nH]c1=O,-2.853
403,403,527,0.88,CCCCCCCC,CCCCCCCCC,0.6399999999999997
404,404,891,0.5806451612903226,CCNc1ccccc1,NNc1ccccc1,-1.77
405,405,536,0.5454545454545454,CC(C)CC(C)C,CC(C)CC(C)O,-3.46
406,406,901,0.46153846153846156,CC(C)Cl,CCC(C)C,1.7700000000000002
407,407,551,0.35714285714285715,NC(=O)N,NC(=O)CCl,0.98
408,408,687,0.75,Clc1ccc(cc1)c2cccc(Cl)c2Cl,Clc1ccc(cc1)c2c(Cl)cccc2Cl,-0.15000000000000036
409,409,649,0.8888888888888888,CCCCCCCC(=O)C,CCCCCCC(=O)C,-0.5300000000000002
410,410,623,0.2826086956521739,CC(C)N(C(C)C)C(=O)SCC(Cl)=C(Cl)Cl,CC(C)C(=O)C(C)C,-3.58
411,411,585,0.6842105263157895,c1c(Br)ccc2ccccc12,Oc1ccc2ccccc2c1,-2.1200000000000006
412,412,862,0.5254237288135594,CCC1(CCC(=O)NC1=O)c2ccccc2,CCC1(C(=O)NCNC1=O)c2ccccc2,0.30299999999999994
413,413,874,0.6666666666666666,CC(C)c1ccccc1,CC(O)c1ccccc1,-2.35
414,414,854,0.4146341463414634,CC1CCCCC1NC(=O)Nc2ccccc2,Clc1ccc(CN(C2CCCC2)C(=O)Nc3ccccc3)cc1,1.8049999999999997
415,415,806,0.7380952380952381,CCOP(=S)(OCC)SCSCC,CCOP(=S)(OCC)SCCSCC,0.1200000000000001
416,416,852,0.29411764705882354,C/C=C/C=O,C=CC=O,-0.24999999999999994
417,417,631,0.5128205128205128,CCCCN(CC)c1c(cc(cc1N(=O)=O)C(F)(F)F)N(=O)=O,CCCN(CCC)c1c(cc(cc1N(=O)=O)C(C)C)N(=O)=O,0.96
418,418,864,0.2,CSSC,CC,-0.07999999999999985
419,419,691,0.7777777777777778,c1ccc2c(c1)ccc3ccccc32,c1ccc2c(c1)ccc3c4ccccc4ccc23,2.7970000000000006
420,420,546,0.9285714285714286,O=C2NC(=O)C1(CCCCCC1)C(=O)N2,O=C2NC(=O)C1(CCCCC1)C(=O)N2,-0.1080000000000001
421,421,848,0.8072289156626506,CC12CC(=O)C3C(CCC4=CC(=O)CCC34C)C2CCC1(O)C(=O)CO,CC(=O)OCC(=O)C3(O)CCC4C2CCC1=CC(=O)CCC1(C)C2C(=O)CC34C,1.1
422,422,819,0.3103448275862069,C1CCCCC1,OC1CCCCC1,-2.66
423,423,737,0.5789473684210527,Cc1c2ccccc2cc3ccccc13,Cc1c2ccccc2c(C)c3ccccc13,0.6800000000000006
424,424,816,0.47368421052631576,CC(=C)C1CC=C(C)C(=O)C1,CC1=CCC(CC1)C(C)=C,2.1999999999999997
425,425,778,0.3783783783783784,CCOP(=S)(OCC)ON=C(C#N)c1ccccc1,CCOP(=S)(OCC)Oc1ccc(cc1)S(C)=O,-2.5620000000000003
426,426,492,0.5714285714285714,Brc1cccc(Br)c1,Fc1cccc(Br)c1,-0.8700000000000001
427,427,901,0.38095238095238093,CCCOC(C)C,CCC(C)C,1.84
428,428,613,0.7848101265822784,CC13CCC(=O)C=C1CCC4C2CCC(C(=O)CO)C2(CC(O)C34)C=O,CC12CC(O)C3C(CCC4=CC(=O)CCC34C)C2CCC1C(=O)CO,-0.6099999999999999
429,429,596,0.2702702702702703,CCC(Br)(CC)C(=O)NC(N)=O,CCC(C)(C)CC,1.5500000000000003
430,430,465,0.6451612903225806,CCCCCOC(=O)C,CCCCCOC(=O)CC,-0.6099999999999999
431,431,435,0.7272727272727273,CCCCCCCCl,CCCCCCl,-1.27
432,432,773,0.65,CC(C)CCCO,CC(C)CCO,-0.6299999999999999
433,433,677,0.52,CC34CCc1c(ccc2cc(O)ccc12)C3CCC4=O,CC34CCC1C(=CCc2cc(O)ccc12)C3CCC4=O,0.041999999999999815
434,434,704,0.5584415584415584,c1ccc(Cl)cc1C(c2ccc(Cl)cc2)(O)C(=O)OC(C)C,CC(C)OC(=O)C(O)(c1ccc(Br)cc1)c2ccc(Br)cc2,0.39999999999999947
435,435,791,0.5238095238095238,CCCCCCl,CCCCCO,-2.13
436,436,619,0.5925925925925926,CC(C)CCOC(=O)C,CC(C)COC(=O)C,-0.71
437,437,800,0.6326530612244898,Clc1cccc(Cl)c1c2ccccc2,Clc1ccc(cc1Cl)c2ccccc2,1.1799999999999997
438,438,517,0.5161290322580645,Oc1ccc(C=O)cc1,Oc1ccc(Br)cc1,0.13000000000000012
439,439,801,0.6086956521739131,CCC(C)(O)CC,CCCC(C)(O)CC,0.62
440,440,720,0.2857142857142857,C1C(O)CCC2(C)CC3CCC4(C)C5(C)CC6OCC(C)CC6OC5CC4C3C=C21,CC34CCC1C(CCC2CC(O)CCC12C)C3CCC4=O,-3.16
441,441,772,0.5666666666666667,COc1ccc(Cl)cc1,Cc1ccc(Cl)cc1,0.30000000000000027
442,442,891,0.59375,NC(=S)Nc1ccccc1,NNc1ccccc1,-1.84
443,443,858,0.6428571428571429,OCc1ccccc1,CCc1ccccc1,2.37
444,444,706,0.16666666666666666,O=C(C=CC=Cc2ccc1OCOc1c2)N3CCCCC3,CC12CCC3C(CCc4cc(O)ccc34)C2CCC1=O,0.4950000000000001
445,445,868,0.7358490566037735,Clc1ccc(c(Cl)c1)c2ccc(Cl)c(Cl)c2Cl,Clc1ccc(c(Cl)c1)c2c(Cl)ccc(Cl)c2Cl,-0.3700000000000001
446,446,705,0.4153846153846154,COP(=S)(OC)SCC(=O)N(C(C)C)c1ccc(Cl)cc1,COP(=S)(OC)SCC(=O)N(C)C=O,-2.4370000000000003
447,447,619,0.34782608695652173,COC(=O)C,CC(C)COC(=O)C,1.67
448,448,873,0.4107142857142857,CCNc1nc(NC(C)(C)C)nc(OC)n1,CCNc1nc(Cl)nc(NCC)n1,1.311
449,449,538,0.4523809523809524,Cc1c[nH]c2ccccc12,Cc1cccc2ccccc12,1.2800000000000002
450,450,542,0.5789473684210527,NS(=O)(=O)c2cc1c(NCNS1(=O)=O)cc2Cl,NS(=O)(=O)c2cc1c(N=CNS1(=O)=O)cc2Cl,0.41999999999999993
451,451,835,0.6666666666666666,CC(=O)Nc1ccc(O)cc1,CC(=O)Nc1ccc(Cl)cc1,1.813
452,452,550,0.38333333333333336,CN(C)c1nc(nc(n1)N(C)C)N(C)C,CN(C)C(=O)Oc1nc(nc(C)c1C)N(C)C,-1.414
453,453,740,0.7428571428571429,Clc1ccccc1C2=NCC(=O)Nc3ccc(cc23)N(=O)=O,O=C3CN=C(c1ccccc1)c2cc(ccc2N3)N(=O)=O,0.2969999999999997
454,454,550,0.4,CCCCc1c(C)nc(nc1O)N(C)C,CN(C)C(=O)Oc1nc(nc(C)c1C)N(C)C,-0.29000000000000026
455,455,585,0.5121951219512195,c1ccc2cnccc2c1,Oc1ccc2ccccc2c1,0.8299999999999998
456,456,869,0.5,COP(=S)(OC)Oc1ccc(cc1Cl)N(=O)=O,COP(=S)(OC)Oc1cc(Cl)c(Cl)cc1Cl,1.4100000000000001
457,457,724,0.3269230769230769,NS(=O)(=O)c3cc2c(NC(Cc1ccccc1)NS2(=O)=O)cc3C(F)(F)F,CC2Nc1cc(Cl)c(cc1C(=O)N2c3ccccc3C)S(N)(=O)=O,0.18999999999999995
458,458,741,0.7894736842105263,Cc1ccc(C)c2ccccc12,Cc1cccc2c(C)cccc12,0.5389999999999997
459,459,640,0.4594594594594595,Clc1c(Cl)c(Cl)c(c(Cl)c1Cl)c2c(Cl)c(Cl)c(Cl)c(Cl)c2Cl,Clc1cc(c(Cl)c(Cl)c1Cl)c2cc(Cl)c(Cl)c(Cl)c2Cl,-2.4399999999999995
460,460,883,0.5714285714285714,Cc1ccccc1C,Cc1ccccc1Br,-0.5699999999999998
461,461,764,0.3220338983050847,FC(F)(F)c1cccc(c1)N2CC(CCl)C(Cl)C2=O,FC(F)(F)c1ccccc1,-1.537
462,462,493,0.4583333333333333,CCCC#C,CCCCCCC#C,2.0200000000000005
463,463,737,0.49122807017543857,c1ccc2c(c1)[nH]c3ccccc32,Cc1c2ccccc2c(C)c3ccccc13,1.3000000000000007
464,464,504,0.375,COC=O,CCOC=O,0.42999999999999994
465,465,859,0.5,CCCCCOC(=O)CC,CCCCCCCC(=O)OCC,2.1100000000000003
466,466,820,0.5882352941176471,CCCCN(C)C(=O)Nc1ccc(Cl)c(Cl)c1,CCC(=O)Nc1ccc(Cl)c(Cl)c1,-1.7699999999999996
467,467,761,0.35135135135135137,Brc1cc(Br)c(Br)cc1Br,Brc1cc(Br)cc(Br)c1,-1.3800000000000008
468,468,720,1.0,CC12CCC(O)CC1CCC3C2CCC4(C)C3CCC4=O,CC34CCC1C(CCC2CC(O)CCC12C)C3CCC4=O,-0.242
469,469,835,0.6666666666666666,CC(=O)Nc1ccc(Br)cc1,CC(=O)Nc1ccc(Cl)cc1,-0.2400000000000002
470,470,870,0.5263157894736842,CCCOCC,CCOCC,-0.5700000000000001
471,471,869,0.25,CC(C)Oc1cc(c(Cl)cc1Cl)n2nc(oc2=O)C(C)(C)C,COP(=S)(OC)Oc1cc(Cl)c(Cl)cc1Cl,0.023999999999999133
472,472,484,0.425,C1OC(O)C(O)C(O)C1O,OCC1OC(O)C(O)C(O)C1O,-0.35
473,473,684,0.2222222222222222,c1ccsc1,c1ccccc1,0.30999999999999983
474,474,546,0.9230769230769231,O=C2NC(=O)C1(CCCC1)C(=O)N2,O=C2NC(=O)C1(CCCCC1)C(=O)N2,0.7109999999999999
475,475,670,0.8421052631578947,CCCCCC,CCCCCCC,0.6900000000000004
476,476,621,0.6057692307692307,CC5(C)OC4CC3C2CCC1=CC(=O)C=CC1(C)C2(F)C(O)CC3(C)C4(O5)C(=O)CO,CC4CC3C2CCC1=CC(=O)C=CC1(C)C2(F)C(O)CC3(C)C4(O)C(=O)COC(C)=O,0.5900000000000007
477,477,512,0.9047619047619048,O=C1N(COC(=O)CCCC)C(=O)C(N1)(c2ccccc2)c3ccccc3,O=C1N(COC(=O)CCCCCC)C(=O)C(N1)(c2ccccc2)c3ccccc3,1.6230000000000002
478,478,778,0.6610169491525424,CCOP(=S)(OCC)Oc1ccc(cc1)N(=O)=O,CCOP(=S)(OCC)Oc1ccc(cc1)S(C)=O,-2.3600000000000003
479,479,898,0.5384615384615384,Clc1ccccc1,Sc1ccccc1,-0.2599999999999998
480,480,882,0.47368421052631576,CCC(C)O,CCC(O)C(C)C,1.17
481,481,498,0.5666666666666667,CCCCOCCCC,CCCCOCCO,-1.4300000000000002
482,482,525,0.75,CCCCC=C,CCCCCC=C,0.5
483,483,625,0.17391304347826086,ClC1C(Cl)C(Cl)C(Cl)C(Cl)C1Cl,ClC4=C(Cl)C5(Cl)C3C1CC(C2OC12)C3C4(Cl)C5(Cl)Cl,1.6500000000000004
484,484,715,0.5081967213114754,OCC1OC(O)C(O)C(O)C1O,OCC1OC(OC2C(O)C(O)C(O)OC2CO)C(O)C(O)C1O,0.984
485,485,813,0.7916666666666666,CCCCC(C)(C)O,CCCCCC(C)(C)O,0.6399999999999999
486,486,804,0.48,c1cnc2c(c1)ccc3ncccc23,Oc1cccc2cccnc12,-0.26000000000000023
487,487,732,0.3939393939393939,Fc1c[nH]c(=O)[nH]c1=O,O=c1cc[nH]c(=O)[nH]1,0.41100000000000025
488,488,745,0.7857142857142857,CCCCCCCCC=C,CCCCCCC=C,-1.0699999999999994
489,489,610,0.65,O=N(=O)c1ccccc1N(=O)=O,Cc1c(cccc1N(=O)=O)N(=O)=O,-0.10000000000000009
490,490,853,0.559322033898305,C1c2ccccc2c3ccc4ccccc4c13,Cc1cccc2c1Cc3ccccc32,-1.46
491,491,888,0.5161290322580645,CCc1ccc(C)cc1,Cc1ccc(N)cc1,-1.9
492,492,883,0.3333333333333333,Fc1cccc(Br)c1,Cc1ccccc1Br,-0.43999999999999995
493,493,672,0.88,CCCCCCC#C,CCCCCCCC#C,0.5800000000000001
494,494,784,0.5555555555555556,CCC(C(CC)c1ccc(O)cc1)c2ccc(O)cc2,CCC(=C(CC)c1ccc(O)cc1)c2ccc(O)cc2,-0.35999999999999943
495,495,515,0.4444444444444444,Cc1cc(C)c(C)cc1C,Cc1cc(C)c(O)c(C)c1,-2.54
496,496,748,0.3333333333333333,ClC=C(Cl)Cl,ClC(=C(Cl)Cl)Cl,0.5800000000000001
497,497,531,0.5238095238095238,CC(C)C(C)O,CC(C)C(O)C(C)C,1.04
498,498,601,0.4642857142857143,CCCCOCCO,CCCCCCO,0.8200000000000001
499,499,804,0.6,Oc1cccc2ncccc12,Oc1cccc2cccnc12,-0.1200000000000001
500,500,539,0.375,CCC(CC)C=O,CCC(C)CC,2.16
501,501,807,0.39285714285714285,COc1ccc(cc1)C(O)(C2CC2)c3cncnc3,OC(c1ccc(Cl)cc1)(c2cncnc2)c3ccccc3Cl,1.7839999999999998
502,502,590,0.7272727272727273,CCCCCCCCCC(C)O,CCCCCCC(C)O,-0.8500000000000001
503,503,718,0.45,CCCCOC,CCCCC,2.1900000000000004
504,504,751,0.4444444444444444,CCOC=O,CCOC=C,1.0
505,505,823,0.2916666666666667,Cc2cccc3sc1nncn1c23,Cc1cccc(C)c1C,1.1300000000000003
506,506,888,0.5714285714285714,Cc1ccc(O)cc1,Cc1ccc(N)cc1,0.48
507,507,664,0.5098039215686274,CN(C)C(=O)Nc1ccc(C)c(Cl)c1,CC(C)c1ccc(NC(=O)N(C)C)cc1,0.052999999999999936
508,508,851,0.4146341463414634,OCC2OC(Oc1ccccc1CO)C(O)C(O)C2O,OCC2OC(OC1(CO)OC(CO)C(O)C1O)C(O)C(O)C2O,-1.6400000000000001
509,509,558,0.6730769230769231,CN(C)c2c(C)n(C)n(c1ccccc1)c2=O,Cc2c(N)c(=O)n(c1ccccc1)n2C,0.26
510,510,530,0.576271186440678,c1ccccc1NC(=O)c2c(O)cccc2,O=C(Nc1ccccc1)Nc2ccccc2,-0.43999999999999995
511,511,696,0.30120481927710846,CCCOP(=S)(OCCC)SCC(=O)N1CCCCC1C,CCOC(=O)N(C)C(=O)CSP(=S)(OCC)OCC,-1.6320000000000006
512,512,878,0.735632183908046,O=C1N(COC(=O)CCCCCC)C(=O)C(N1)(c2ccccc2)c3ccccc3,O=C1N(COC(=O)C)C(=O)C(N1)(c2ccccc2)c3ccccc3,-1.8310000000000004
513,513,609,0.5344827586206896,CCN(CC)c1nc(Cl)nc(NC(C)C)n1,CCN(CC)c1nc(Cl)nc(n1)N(CC)CC,0.6260000000000003
514,514,888,0.53125,CC(C)c1ccc(C)cc1,Cc1ccc(N)cc1,-2.56
515,515,832,0.47058823529411764,Cc1cc(C)c(O)c(C)c1,Cc1ccc(C)c(C)c1,1.2600000000000002
516,516,669,0.6046511627906976,O=N(=O)c1cccc2ccccc12,Nc1cccc2ccccc12,-1.62
517,517,588,0.36363636363636365,Oc1ccc(Br)cc1,Oc1ccc(cc1)c2ccccc2,2.3899999999999997
518,518,852,0.38461538461538464,C=CC=C,C=CC=O,-2.44
519,519,713,0.35714285714285715,CCBr,CCCCBr,1.28
520,520,695,0.38461538461538464,O=C1NC(=O)C(=O)C(=O)N1,O=C1NC(=O)NC(=O)C1(C)C,0.492
521,521,766,0.3125,ClC(Cl)C(Cl)Cl,BrC(Cl)Cl,-0.19999999999999996
522,522,821,0.3950617283950617,CCN2c1ccccc1N(C)C(=S)c3cccnc23,CCN2c1cc(OC)cc(C)c1NC(=O)c3cccnc23,0.4469999999999992
523,523,746,0.5581395348837209,Cc2cnc1cncnc1n2,COc2cnc1ncncc1n2,0.2849999999999999
524,524,708,0.3956043956043956,CC(=O)C3(C)CCC4C2C=C(C)C1=CC(=O)CCC1(C)C2CCC34C,CC34CCC1C(CCC2=CC(=O)CCC12C)C3CCC4=O,-1.5799999999999996
525,525,745,0.8636363636363636,CCCCCC=C,CCCCCCC=C,0.7100000000000004
526,526,821,0.4418604651162791,CCN2c1nc(N(C)(CCO))ccc1NC(=O)c3cccnc23,CCN2c1cc(OC)cc(C)c1NC(=O)c3cccnc23,1.7929999999999997
527,527,670,0.76,CCCCCCCCC,CCCCCCC,-1.3499999999999996
528,528,898,0.4827586206896552,N#Cc1ccccc1,Sc1ccccc1,1.12
529,529,739,0.65,CC1(C)C(C=C(Cl)Cl)C1C(=O)OC(C#N)c2ccc(F)c(Oc3ccccc3)c2,CC1(C)C(C=C(Cl)C(F)(F)F)C1C(=O)OC(C#N)c2cccc(Oc3ccccc3)c2,0.8389999999999995
530,530,627,0.6862745098039216,O=C(Nc1ccccc1)Nc2ccccc2,N(c1ccccc1)c2ccccc2,0.3540000000000001
531,531,897,0.52,CC(C)C(O)C(C)C,CC(C)C(C)C(C)C,3.58
532,532,692,0.7272727272727273,CCCCCBr,CCCCCCCBr,1.3499999999999996
533,533,605,0.40540540540540543,Oc1ccc(Cl)cc1Cc2cc(Cl)ccc2O,Oc1ccc(Cl)cc1C(=O)Nc2ccc(cc2Cl)N(=O)=O,0.7470000000000003
534,534,750,0.9230769230769231,CCCCCCCCC(=O)OCC,CCCCCCCCCC(=O)OCC,0.2999999999999998
535,535,802,0.5652173913043478,Cn1cnc2n(C)c(=O)[nH]c(=O)c12,Cn1cnc2n(C)c(=O)n(C)c(=O)c12,-1.6470000000000002
536,536,882,0.4166666666666667,CC(C)CC(C)O,CCC(O)C(C)C,-0.10000000000000009
537,537,719,0.7111111111111111,O=C1NC(=O)NC(=O)C1(CC=C)CC=C,O=C1NC(=O)NC(=O)C1(CC)CC=C,-0.46299999999999986
538,538,669,0.6842105263157895,Cc1cccc2ccccc12,Nc1cccc2ccccc12,-1.7800000000000002
539,539,714,0.5,CCC(C)CC,CCCCC(C)CC,1.48
540,540,766,0.45454545454545453,CC(Cl)Cl,BrC(Cl)Cl,0.25
541,541,560,0.3333333333333333,C=CCCC=C,C=CCS(=O)SCC=C,-1.85
542,542,624,0.325,NS(=O)(=O)c2cc1c(N=CNS1(=O)=O)cc2Cl,Cc1cccc(C)c1NC(=O)c2cc(c(Cl)cc2O)S(N)(=O)=O,0.7400000000000002
543,543,714,0.19696969696969696,COC(C)(C)CCCC(C)CC=CC(C)=CC(=O)OC(C)C,CCCCC(C)CC,-0.03000000000000025
544,544,680,0.6470588235294118,Oc1c(Cl)cc(Cl)c(Cl)c1Cl,Clc1cc(Cl)c(Cl)c(Cl)c1Cl,2.5500000000000003
545,545,689,0.4186046511627907,c1(C(=O)OCCCCCC(C)(C))c(C(=O)OCCCCCC(C)(C))cccc1,CCOC(=O)c1ccccc1C(=O)OCC,-4.287000000000001
546,546,695,0.425531914893617,O=C2NC(=O)C1(CCCCC1)C(=O)N2,O=C1NC(=O)NC(=O)C1(C)C,-1.318
547,547,577,0.42696629213483145,CCOC(=O)NCCOc2ccc(Oc1ccccc1)cc2,CCOC(=O)Nc2cccc(OC(=O)Nc1ccccc1)c2,-0.0680000000000005
548,548,898,0.5384615384615384,Ic1ccccc1,Sc1ccccc1,-0.8899999999999997
549,549,590,0.875,CCCCCC(C)O,CCCCCCC(C)O,0.5399999999999998
550,550,879,0.2857142857142857,CN(C)C(=O)Oc1nc(nc(C)c1C)N(C)C,CN(C)C(=O)N(C)C,-2.8899999999999997
551,551,630,0.3,NC(=O)CCl,CCOC(=O)N,-0.87
552,552,813,0.6,CCCC(C)(C)O,CCCCCC(C)(C)O,1.23
553,553,630,0.2857142857142857,CCCC(C)(COC(N)=O)COC(N)=O,CCOC(=O)N,-2.657
554,554,648,0.5714285714285714,CCC(C)CO,CCC(C)CCO,0.24
555,555,616,0.1951219512195122,CSCS(=O)CC(CO)NC(=O)C=Cc1c(C)[nH]c(=O)[nH]c1=O,CCC(C)n1c(=O)[nH]c(C)c(Br)c1=O,0.542
556,556,785,0.4,COC(=O)C1=C(C)NC(=C(C1c2ccccc2N(=O)=O)C(=O)OC)C,COC(=O)c1ccccc1C(=O)OC,-3.0999999999999996
557,557,562,0.4444444444444444,COCC(=O)N(C(C)C(=O)OC)c1c(C)cccc1C,CCc1cccc(C)c1N(C(C)COC)C(=O)CCl,1.129
558,558,808,0.6,Cc2c(N)c(=O)n(c1ccccc1)n2C,Cc1cc(=O)n(c2ccccc2)n1C,-1.339
559,559,842,0.23809523809523808,C1N(C(=O)NCC(C)C)C(=O)NC1,CC(C)CC(=O)C,-1.41
560,560,852,0.17857142857142858,C=CCS(=O)SCC=C,C=CC=O,-1.4
561,561,647,0.8378378378378378,CCCCCCCCCCCCO,CCCCCCCCCCO,-1.17
562,562,771,0.3484848484848485,CCc1cccc(C)c1N(C(C)COC)C(=O)CCl,CC(C)N(C(=O)CCl)c1ccccc1,-0.25
563,563,883,0.5161290322580645,CCc1ccccc1C,Cc1ccccc1Br,-0.98
564,564,873,0.4074074074074074,CC(C)Nc1nc(Cl)nc(NC(C)C)n1,CCNc1nc(Cl)nc(NCC)n1,0.1200000000000001
565,565,706,0.6081081081081081,CC34CCC1C(CCc2cc(O)ccc12)C3CCC4(O)C#C,CC12CCC3C(CCc4cc(O)ccc34)C2CCC1=O,-0.34499999999999975
566,566,821,0.43209876543209874,Cc3ccnc4N(C1CC1)c2ncccc2C(=O)Nc34,CCN2c1cc(OC)cc(C)c1NC(=O)c3cccnc23,1.9629999999999996
567,567,802,0.5319148936170213,Cn1c(=O)n(C)c2nc[nH]c2c1=O,Cn1cnc2n(C)c(=O)n(C)c(=O)c12,-0.514
568,568,876,0.803921568627451,CCCCCCCCCCCCCCCO,CCCCCCCCCCCCCCCC,2.0500000000000007
569,569,725,0.22727272727272727,FC(F)(Cl)C(F)(F)Cl,CC(Cl)(Cl)Cl,-0.7400000000000002
570,570,726,0.5714285714285714,ClCCCl,ClCCCCl,0.56
571,571,876,0.7931034482758621,CCCCCCCCCCCCCCCCCCCC,CCCCCCCCCCCCCCCC,0.22799999999999976
572,572,674,0.8072289156626506,CC12CC(O)C3C(CCC4=CC(=O)CCC34C)C2CCC1(O)C(=O)CO,CC(=O)OCC(=O)C1(O)CCC2C3CCC4=CC(=O)CCC4(C)C3C(O)CC21C,1.79
573,573,869,0.3709677419354839,COP(=S)(OC)Oc1ccc(SC)c(C)c1,COP(=S)(OC)Oc1cc(Cl)c(Cl)cc1Cl,1.1499999999999995
574,574,662,0.39655172413793105,CN(C)C(=O)SCCCCOc1ccccc1,CN(C)C(=O)Nc1ccccc1,-2.327
575,575,732,0.3333333333333333,Nc1cc[nH]c(=O)n1,O=c1cc[nH]c(=O)[nH]1,0.3330000000000002
576,576,755,0.38095238095238093,CC1(C)C2CCC1(C)C(O)C2,CC2(C)C1CCC(C)(C1)C2=O,-0.46999999999999975
577,577,582,0.6447368421052632,CCOC(=O)Nc2cccc(OC(=O)Nc1ccccc1)c2,COC(=O)Nc1cccc(OC(=O)Nc2cccc(C)c2)c1,0.17300000000000004
578,578,595,0.38461538461538464,COc1ccccc1OCC(O)COC(N)=O,COc1ccccc1O,0.975
579,579,823,0.6,Cc1cccc(C)c1O,Cc1cccc(C)c1C,1.9100000000000001
580,580,639,0.4642857142857143,O=C1c2ccccc2C(=O)c3ccccc13,CC2=CC(=O)c1ccccc1C2=O,-2.1600000000000006
581,581,879,0.45454545454545453,CN(C)C(=O)C,CN(C)C(=O)N(C)C,0.17000000000000015
582,582,688,0.37362637362637363,COC(=O)Nc1cccc(OC(=O)Nc2cccc(C)c2)c1,COC(=O)Nc2nc1ccc(cc1[nH]2)C(=O)c3ccccc3,-0.9249999999999998
583,583,851,0.373134328358209,OCC1OC(O)(CO)C(O)C1O,OCC2OC(OC1(CO)OC(CO)C(O)C1O)C(O)C(O)C2O,-0.15000000000000002
584,584,835,0.5531914893617021,CC(C#C)N(C)C(=O)Nc1ccc(Cl)cc1,CC(=O)Nc1ccc(Cl)cc1,-1.057
585,585,620,0.5238095238095238,Oc1ccc2ccccc2c1,Oc2ccc1ncccc1c2,-0.11999999999999966
586,586,893,0.5,Clc1cc(Cl)c(cc1Cl)c2cc(Cl)c(Cl)cc2Cl,Clc1cc(Cl)c(c(Cl)c1)c2c(Cl)cc(Cl)cc2Cl,0.15000000000000036
587,587,896,0.5714285714285714,Clc1ccccc1Br,Clc1ccccc1I,0.3500000000000001
588,588,799,0.574468085106383,Oc1ccc(cc1)c2ccccc2,c1ccc(cc1)c2ccccc2,0.8649999999999998
589,589,601,0.3488372093023256,c1(O)cc(O)ccc1CCCCCC,CCCCCCO,-1.3499999999999999
590,590,670,0.5357142857142857,CCCCCCC(C)O,CCCCCCC,2.4400000000000004
591,591,715,0.3582089552238806,OC1C(O)C(O)C(O)C(O)C1O,OCC1OC(OC2C(O)C(O)C(O)OC2CO)C(O)C(O)C1O,0.594
592,592,730,0.3125,CC(C)N(=O)=O,CC(C)I,1.4699999999999998
593,593,799,0.6666666666666666,c1ccc(cc1)c2ccc(cc2)c3ccccc3,c1ccc(cc1)c2ccccc2,-2.7650000000000006
594,594,668,0.18604651162790697,CSc1nnc(c(=O)n1N)C(C)(C)C,CC(O)C(C)(C)C,-1.633
595,595,839,0.6129032258064516,COc1ccccc1O,COc1ccccc1Cl,0.5
596,596,683,0.42857142857142855,CCC(C)(C)CC,CCC(C)(C)Cl,-1.7200000000000006
597,597,774,0.75,CCCCCC=O,CCCCC=O,-0.45000000000000007
598,598,774,0.4583333333333333,CCCC/C=C/C,CCCCC=O,-2.9699999999999998
599,599,801,0.48148148148148145,CCCC(C)(C)CO,CCCC(C)(O)CC,-0.54
600,600,626,0.45454545454545453,CC(C)CC(C)(C)O,CCC(C)(C)O,-1.07
601,601,791,0.8421052631578947,CCCCCCO,CCCCCO,-0.64
602,602,778,0.47297297297297297,CCOP(=S)(OCC)Oc2ccc1oc(=O)c(Cl)c(C)c1c2,CCOP(=S)(OCC)Oc1ccc(cc1)S(C)=O,-3.0820000000000007
603,603,810,0.3076923076923077,COP(=O)(OC)OC(Br)C(Cl)(Cl)Br,CNC(=O)C=C(C)OP(=O)(OC)OC,-2.9309999999999996
604,604,796,0.3333333333333333,Nc1nc(O)nc2nc[nH]c12,O=c1[nH]cnc2nc[nH]c12,-1.105
605,605,624,0.37209302325581395,Oc1ccc(Cl)cc1C(=O)Nc2ccc(cc2Cl)N(=O)=O,Cc1cccc(C)c1NC(=O)c2cc(c(Cl)cc2O)S(N)(=O)=O,-0.9100000000000001
606,606,765,0.43283582089552236,CCOP(=S)(OCC)Oc1nc(Cl)n(n1)C(C)C,CCOP(=S)(OCC)Oc1nc(Cl)c(Cl)cc1Cl,2.012
607,607,811,0.42857142857142855,Cc1cc(no1)C(=O)NNCc2ccccc2,NC(=O)NCc1ccccc1,-1.511
608,608,726,0.35714285714285715,ClCCl,ClCCCCl,0.9900000000000001
609,609,873,0.30158730158730157,CCN(CC)c1nc(Cl)nc(n1)N(CC)CC,CCNc1nc(Cl)nc(NCC)n1,0.13899999999999935
610,610,877,0.4666666666666667,Cc1c(cccc1N(=O)=O)N(=O)=O,O=N(=O)c1cccc(c1)N(=O)=O,-0.71
611,611,746,0.4772727272727273,c2cnc1ncncc1n2,COc2cnc1ncncc1n2,1.159
612,612,694,0.46153846153846156,Clc2c(Cl)c(Cl)c(c1ccccc1)c(Cl)c2Cl,Oc1c(Cl)c(Cl)c(Cl)c(Cl)c1Cl,-3.6399999999999997
613,613,674,0.574468085106383,CC12CC(O)C3C(CCC4=CC(=O)CCC34C)C2CCC1C(=O)CO,CC(=O)OCC(=O)C1(O)CCC2C3CCC4=CC(=O)CCC4(C)C3C(O)CC21C,1.6399999999999997
614,614,866,0.5517241379310345,ClC(Cl)C(c1ccc(Cl)cc1)c2ccccc2Cl,Clc1ccc(cc1)c2ccccc2Cl,-1.2299999999999995
615,615,799,0.6086956521739131,Clc1ccccc1c2ccccc2,c1ccc(cc1)c2ccccc2,-0.19500000000000028
616,616,635,0.25,CCC(C)n1c(=O)[nH]c(C)c(Br)c1=O,CCC(C)C1(CC(Br)=C)C(=O)NC(=O)NC1=O,0.12399999999999967
617,617,666,0.48484848484848486,Oc1cccc(O)c1,Oc1cccc(c1)N(=O)=O,1.82
618,618,681,0.25,ClCBr,ClCC#N,-0.798
619,619,842,0.48,CC(C)COC(=O)C,CC(C)CC(=O)C,-0.47
620,620,804,0.5238095238095238,Oc2ccc1ncccc1c2,Oc1cccc2cccnc12,0.2599999999999998
621,621,674,0.4336283185840708,CC4CC3C2CCC1=CC(=O)C=CC1(C)C2(F)C(O)CC3(C)C4(O)C(=O)COC(C)=O,CC(=O)OCC(=O)C1(O)CCC2C3CCC4=CC(=O)CCC4(C)C3C(O)CC21C,-0.020000000000000462
622,622,900,0.2916666666666667,COC(=O)c1cc(O)c(O)c(O)c1,COC(=O)c1cccnc1,-0.78
623,623,770,0.38461538461538464,CC(C)C(=O)C(C)C,CC(C)SC(C)C,0.9400000000000002
624,624,724,0.4318181818181818,Cc1cccc(C)c1NC(=O)c2cc(c(Cl)cc2O)S(N)(=O)=O,CC2Nc1cc(Cl)c(cc1C(=O)N2c3ccccc3C)S(N)(=O)=O,-0.010000000000000231
625,625,641,0.546875,ClC4=C(Cl)C5(Cl)C3C1CC(C2OC12)C3C4(Cl)C5(Cl)Cl,ClC1=C(Cl)C2(Cl)C3C4CC(C=C4)C3C1(Cl)C2(Cl)Cl,0.017000000000000348
626,626,683,0.5294117647058824,CCC(C)(C)O,CCC(C)(C)Cl,2.6599999999999997
627,627,754,0.7608695652173914,N(c1ccccc1)c2ccccc2,N(Nc1ccccc1)c2ccccc2,-0.5840000000000001
628,628,669,0.6842105263157895,Clc1cccc2ccccc12,Nc1cccc2ccccc12,-2.0100000000000002
629,629,870,0.36,CCOC(C)OCC,CCOCC,-0.33999999999999997
630,630,673,0.38461538461538464,CCOC(=O)N,CCCC(=O)OCC,2.21
631,631,829,0.24358974358974358,CCCN(CCC)c1c(cc(cc1N(=O)=O)C(C)C)N(=O)=O,O=N(=O)c1cc(cc(c1)N(=O)=O)N(=O)=O,-3.6
632,632,689,0.34210526315789475,CCCCOc1ccc(C(=O)OCC)c(c1)N(CC)CC,CCOC(=O)c1ccccc1C(=O)OCC,-1.4899999999999998
633,633,814,0.5849056603773585,O=C1NC(=O)NC(=O)C1(CC)C(C)CCC,O=C1NC(=O)NC(=O)C1(CC)CCC(C)C,0.2679999999999998
634,634,691,0.6923076923076923,Nc3cc2c1ccccc1ccc2c4ccccc34,c1ccc2c(c1)ccc3c4ccccc4ccc23,1.8570000000000002
635,635,814,0.4576271186440678,CCC(C)C1(CC(Br)=C)C(=O)NC(=O)NC1=O,O=C1NC(=O)NC(=O)C1(CC)CCC(C)C,0.01100000000000012
636,636,648,0.5,CCCC(C)CO,CCC(C)CCO,-0.40000000000000013
637,637,846,0.4507042253521127,OC3N=C(c1ccccc1Cl)c2cc(Cl)ccc2NC3=O,Clc1ccc(Cl)c(c1)c2cccc(Cl)c2Cl,2.8659999999999997
638,638,846,0.2413793103448276,Fc1cccc(F)c1C(=O)NC(=O)Nc2cc(Cl)c(F)c(Cl)c2F,Clc1ccc(Cl)c(c1)c2cccc(Cl)c2Cl,-0.8100000000000005
639,639,853,0.4,CC2=CC(=O)c1ccccc1C2=O,Cc1cccc2c1Cc3ccccc32,2.19
640,640,680,0.5094339622641509,Clc1cc(c(Cl)c(Cl)c1Cl)c2cc(Cl)c(Cl)c(Cl)c2Cl,Clc1cc(Cl)c(Cl)c(Cl)c1Cl,-3.51
641,641,783,0.6140350877192983,ClC1=C(Cl)C2(Cl)C3C4CC(C=C4)C3C1(Cl)C2(Cl)Cl,ClC1C=CC2C1C3(Cl)C(=C(Cl)C2(Cl)C3(Cl)Cl)Cl,0.009999999999999787
642,642,851,0.2391304347826087,Nc1ncnc2n(ccc12)C3OC(CO)C(O)C3O,OCC2OC(OC1(CO)OC(CO)C(O)C1O)C(O)C(O)C2O,-2.74
643,643,840,0.42857142857142855,CC1CCCC1,CCCC1CCCC1,1.4400000000000004
644,644,821,0.23076923076923078,COc2c1occc1c(OC)c3c(=O)cc(C)oc23,CCN2c1cc(OC)cc(C)c1NC(=O)c3cccnc23,2.1319999999999992
645,645,757,0.8650306748466258,CC1OC(CC(O)C1O)OC2C(O)CC(OC2C)OC8C(O)CC(OC7CCC3(C)C(CCC4C3CCC5(C)C(CCC45O)C6=CC(=O)OC6)C7)OC8C,CC1OC(CC(O)C1O)OC2C(O)CC(OC2C)OC8C(O)CC(OC7CCC3(C)C(CCC4C3CC(O)C5(C)C(CCC45O)C6=CC(=O)OC6)C7)OC8C,-1.2119999999999989
646,646,668,0.5789473684210527,CC(C)C(C)(C)C,CC(O)C(C)(C)C,-3.74
647,647,828,0.5777777777777777,CCCCCCCCCCO,CCCCCCCCCCCCCC,4.33
648,648,773,0.5,CCC(C)CCO,CC(C)CCO,-0.19999999999999996
649,649,859,0.5405405405405406,CCCCCCC(=O)C,CCCCCCCC(=O)OCC,1.3400000000000003
650,650,727,0.3522727272727273,O=c2c(C3CCCc4ccccc43)c(O)c1ccccc1o2,C2c1ccccc1N(CCF)C(=O)c3ccccc23,1.9590000000000005
651,651,756,0.5,c1ccc2cc3cc4ccccc4cc3cc2c1,c3ccc2nc1ccccc1cc2c3,-4.93
652,652,822,0.7866666666666666,CC(=O)CCC1C(=O)N(N(C1=O)c2ccccc2)c3ccccc3,CCCCC1C(=O)N(N(C1=O)c2ccccc2)c3ccccc3,0.54
653,653,827,0.19230769230769232,O=C1NCCN1c2ncc(s2)N(=O)=O,O=C(Cn1ccnc1N(=O)=O)NCc2ccccc2,-0.41000000000000014
654,654,814,1.0,CCC1(CCC(C)C)C(=O)NC(=O)NC1=O,O=C1NC(=O)NC(=O)C1(CC)CCC(C)C,0.18999999999999995
655,655,864,0.2,CO,CC,2.93
656,656,843,0.45652173913043476,CC(=O)OC3(CCC4C2CCC1=CC(=O)CCC1C2CCC34C)C#C,CC34CCC1C(CCC2=CC(=O)CCC12O)C3CCC4(O)C#C,-0.22999999999999954
657,657,877,0.6,O=N(=O)c1ccc(cc1)N(=O)=O,O=N(=O)c1cccc(c1)N(=O)=O,-1.1
658,658,720,0.6164383561643836,CC34CCC1C(CCC2CC(=O)CCC12C)C3CCC4O,CC34CCC1C(CCC2CC(O)CCC12C)C3CCC4=O,-0.5830000000000002
659,659,744,0.325,Clc1cccc(n1)C(Cl)(Cl)Cl,Oc1cccc(Cl)c1Cl,-2.46
660,660,807,0.2,OC(Cn1cncn1)(Cn2cncn2)c3ccc(F)cc3F,OC(c1ccc(Cl)cc1)(c2cncnc2)c3ccccc3Cl,2.58
661,661,735,0.4666666666666667,CCC=O,CCCC=O,0.59
662,662,664,0.4897959183673469,CN(C)C(=O)Nc1ccccc1,CC(C)c1ccc(NC(=O)N(C)C)cc1,1.936
663,663,681,0.4666666666666667,ClCCC#N,ClCC#N,-0.19799999999999998
664,664,850,0.45454545454545453,CC(C)c1ccc(NC(=O)N(C)C)cc1,CN(C)C(=O)Nc2ccc(Oc1ccc(Cl)cc1)cc2,1.3539999999999996
665,665,872,0.22580645161290322,c1ccnnc1,Oc1ccncc1,0.08000000000000007
666,666,758,0.6363636363636364,Oc1cccc(c1)N(=O)=O,Nc1cccc(c1)N(=O)=O,1.18
667,667,799,0.5957446808510638,O(c1ccccc1)c2ccccc2,c1ccc(cc1)c2ccccc2,0.3849999999999998
668,668,882,0.3333333333333333,CC(O)C(C)(C)C,CCC(O)C(C)C,0.07999999999999996
669,669,716,0.5833333333333334,Nc1cccc2ccccc12,Nc2cccc3nc1ccccc1cc23,2.3
670,670,718,0.6,CCCCCCC,CCCCC,-1.35
671,671,888,0.3157894736842105,O2c1ccc(N)cc1N(C)C(=O)c3cc(C)ccc23,Cc1ccc(N)cc1,-2.718
672,672,692,0.5666666666666667,CCCCCCCC#C,CCCCCCCBr,0.1899999999999995
673,673,859,0.5428571428571428,CCCC(=O)OCC,CCCCCCCC(=O)OCC,2.0300000000000002
674,674,848,0.7362637362637363,CC(=O)OCC(=O)C1(O)CCC2C3CCC4=CC(=O)CCC4(C)C3C(O)CC21C,CC(=O)OCC(=O)C3(O)CCC4C2CCC1=CC(=O)CCC1(C)C2C(=O)CC34C,-0.6699999999999999
675,675,772,0.5714285714285714,Clc1ccc(I)cc1,Cc1ccc(Cl)cc1,-0.9500000000000002
676,676,808,0.4126984126984127,CN(C)C(=O)Oc1cc(C)nn1c2ccccc2,Cc1cc(=O)n(c2ccccc2)n1C,-2.8049999999999997
677,677,706,0.5405405405405406,CC34CCC1C(=CCc2cc(O)ccc12)C3CCC4=O,CC12CCC3C(CCc4cc(O)ccc34)C2CCC1=O,-1.327
678,678,802,0.5740740740740741,Cn2c(=O)n(C)c1ncn(CC(O)CO)c1c2=O,Cn1cnc2n(C)c(=O)n(C)c(=O)c12,0.7059999999999998
679,679,856,0.6,CC1=C(SCCO1)C(=O)Nc2ccccc2,CC1=C(C(=O)Nc2ccccc2)S(=O)(=O)CCO1,-0.859
680,680,831,0.5428571428571428,Clc1cc(Cl)c(Cl)c(Cl)c1Cl,Clc1cc(Cl)c(Cl)c(Cl)c1,-1.0200000000000005
681,681,723,0.38461538461538464,ClCC#N,CCC#N,-0.372
682,682,723,0.15384615384615385,CC#C,CCC#N,-0.69
683,683,801,0.32,CCC(C)(C)Cl,CCCC(C)(O)CC,-1.5299999999999998
684,684,799,0.35,c1ccccc1,c1ccc(cc1)c2ccccc2,2.705
685,685,888,0.4864864864864865,CCOC(=O)c1ccc(N)cc1,Cc1ccc(N)cc1,-1.4060000000000001
686,686,860,0.20689655172413793,C1CCOC1,CC1=CCCCC1,3.76
687,687,866,0.6078431372549019,Clc1ccc(cc1)c2c(Cl)cccc2Cl,Clc1ccc(cc1)c2ccccc2Cl,-0.8599999999999994
688,688,762,0.34177215189873417,COC(=O)Nc2nc1ccc(cc1[nH]2)C(=O)c3ccccc3,CNC(=O)Oc1cccc2ccccc12,-0.6559999999999997
689,689,785,0.5769230769230769,CCOC(=O)c1ccccc1C(=O)OCC,COC(=O)c1ccccc1C(=O)OC,-0.6900000000000002
690,690,787,0.023255813953488372,C#C,CC(OC(=O)Nc1cccc(Cl)c1)C#C,2.907
691,691,795,0.6065573770491803,c1ccc2c(c1)ccc3c4ccccc4ccc23,Cc1cccc2c1ccc3ccccc32,-2.2070000000000007
692,692,713,0.5217391304347826,CCCCCCCBr,CCCCBr,-2.0599999999999996
693,693,731,0.6363636363636364,c1ccc2c(c1)cc3ccc4cccc5ccc2c3c45,c1cc2ccc3ccc4ccc5cccc6c(c1)c2c3c4c56,0.31900000000000084
694,694,777,0.5853658536585366,Oc1c(Cl)c(Cl)c(Cl)c(Cl)c1Cl,Clc1c(Cl)c(Cl)c(N(=O)=O)c(Cl)c1Cl,1.54
695,695,743,0.5,O=C1NC(=O)NC(=O)C1(C)C,O=C1NC(=O)NC(=O)C1(C(C)C)C(C)C,1.024
696,696,806,0.4426229508196721,CCOC(=O)N(C)C(=O)CSP(=S)(OCC)OCC,CCOP(=S)(OCC)SCCSCC,1.7120000000000006
697,697,896,0.5714285714285714,Oc1ccccc1Cl,Clc1ccccc1I,2.48
698,698,763,0.5161290322580645,Clc1cccc(Cl)c1,COc1cccc(Cl)c1,-0.26000000000000023
699,699,793,0.1875,ICI,CCCCI,0.6200000000000001
700,700,715,0.17647058823529413,COc1cc(cc(OC)c1O)C6C2C(COC2=O)C(OC4OC3COC(C)OC3C(O)C4O)c7cc5OCOc5cc67,OCC1OC(OC2C(O)C(O)C(O)OC2CO)C(O)C(O)C1O,-3.327
701,701,775,0.25,CCC(=C)C,CCCO,-3.35
702,702,856,0.47619047619047616,Cc1occc1C(=O)Nc2ccccc2,CC1=C(C(=O)Nc2ccccc2)S(=O)(=O)CCO1,-1.0189999999999997
703,703,709,0.058823529411764705,C,Nc1nccs1,-0.54
704,704,850,0.28888888888888886,CC(C)OC(=O)C(O)(c1ccc(Br)cc1)c2ccc(Br)cc2,CN(C)C(=O)Nc2ccc(Oc1ccc(Cl)cc1)cc2,-0.040000000000000036
705,705,810,0.2631578947368421,COP(=S)(OC)SCC(=O)N(C)C=O,CNC(=O)C=C(C)OP(=O)(OC)OC,-2.646
706,706,708,0.43209876543209874,CC12CCC3C(CCc4cc(O)ccc34)C2CCC1=O,CC34CCC1C(CCC2=CC(=O)CCC12C)C3CCC4=O,-0.2650000000000001
707,707,883,0.5714285714285714,Brc1ccccc1Br,Cc1ccccc1Br,-1.27
708,708,720,0.4936708860759494,CC34CCC1C(CCC2=CC(=O)CCC12C)C3CCC4=O,CC34CCC1C(CCC2CC(O)CCC12C)C3CCC4=O,0.4700000000000002
709,709,833,0.21875,Nc1nccs1,Cc1cccnc1C,-0.74
710,710,858,0.625,CCCCc1ccccc1,CCc1ccccc1,-1.2899999999999996
711,711,882,0.4782608695652174,CCC(C)C(C)C,CCC(O)C(C)C,-3.58
712,712,772,0.5714285714285714,Clc1ccc(Cl)cc1,Cc1ccc(Cl)cc1,-0.18999999999999995
713,713,826,0.4444444444444444,CCCCBr,CCCCO,-2.37
714,714,718,0.4166666666666667,CCCCC(C)CC,CCCCC,-1.98
715,715,851,0.5844155844155844,OCC1OC(OC2C(O)C(O)C(O)OC2CO)C(O)C(O)C1O,OCC2OC(OC1(CO)OC(CO)C(O)C1O)C(O)C(O)C2O,-1.034
716,716,756,0.6226415094339622,Nc2cccc3nc1ccccc1cc23,c3ccc2nc1ccccc1cc2c3,-0.5499999999999998
717,717,797,0.234375,CN(C)C(=O)OC1=CC(=O)CC(C)(C)C1,CNC(=O)Oc1ccc(N(C)C)c(C)c1,1.5099999999999998
718,718,826,0.4444444444444444,CCCCC,CCCCO,-3.18
719,719,759,0.6041666666666666,O=C1NC(=O)NC(=O)C1(CC)CC=C,CCCCC1(CC)C(=O)NC(=O)NC1=O,0.04699999999999993
720,720,843,0.3225806451612903,CC34CCC1C(CCC2CC(O)CCC12C)C3CCC4=O,CC34CCC1C(CCC2=CC(=O)CCC12O)C3CCC4(O)C#C,0.41000000000000014
721,721,871,0.74,c1ccccc1C(O)c2ccccc2,c1ccccc1C(O)C(O)c2ccccc2,-0.6199999999999999
722,722,762,0.5230769230769231,CCN(CC)C(=O)C(C)Oc1cccc2ccccc12,CNC(=O)Oc1cccc2ccccc12,-0.34599999999999964
723,723,752,0.25,CCC#N,CCC#CCC,2.27
724,724,890,0.42391304347826086,CC2Nc1cc(Cl)c(cc1C(=O)N2c3ccccc3C)S(N)(=O)=O,CC2Cc1ccccc1N2NC(=O)c3ccc(Cl)c(c3)S(N)(=O)=O,-0.1939999999999995
725,725,769,0.4375,CC(Cl)(Cl)Cl,ClC(Cl)(Cl)C#N,0.16800000000000015
726,726,826,0.18181818181818182,ClCCCCl,CCCCO,-1.62
727,727,853,0.4117647058823529,C2c1ccccc1N(CCF)C(=O)c3ccccc23,Cc1cccc2c1Cc3ccccc32,0.4209999999999994
728,728,886,1.0,OCC(O)C(O)C(O)C(O)CO,OCC(O)C(O)C(O)C(O)CO,-1.03
729,729,789,0.3170731707317073,CCCSCCC,CCCCN(CC)C(=O)SCCC,0.9499999999999997
730,730,901,0.35714285714285715,CC(C)I,CCC(C)C,1.0900000000000003
731,731,767,0.4,c1cc2ccc3ccc4ccc5cccc6c(c1)c2c3c4c56,c2ccc1nc(ccc1c2)c4ccc3ccccc3n4,-3.6180000000000003
732,732,825,0.24324324324324326,O=c1cc[nH]c(=O)[nH]1,Cc1cc(=O)[nH]c(=S)[nH]1,0.9479999999999997
733,733,839,0.28888888888888886,COc1cc(CC=C)ccc1O,COc1ccccc1Cl,0.8999999999999999
734,734,803,0.6875,CS(=O)(=O)c1ccc(cc1)C(O)C(CO)NC(=O)C(Cl)Cl,OCC(NC(=O)C(Cl)Cl)C(O)c1ccc(cc1)N(=O)=O,-0.042999999999999705
735,735,774,0.6111111111111112,CCCC=O,CCCCC=O,0.84
736,736,764,0.5,CC(C)(C)c1ccccc1,FC(F)(F)c1ccccc1,-1.1500000000000004
737,737,795,0.47540983606557374,Cc1c2ccccc2c(C)c3ccccc13,Cc1cccc2c1ccc3ccccc32,-0.7200000000000006
738,738,878,0.5974025974025974,O=C1NC(=O)C(N1)(c2ccccc2)c3ccccc3,O=C1N(COC(=O)C)C(=O)C(N1)(c2ccccc2)c3ccccc3,0.37299999999999933
739,739,817,0.26804123711340205,CC1(C)C(C=C(Cl)C(F)(F)F)C1C(=O)OC(C#N)c2cccc(Oc3ccccc3)c2,c1c(Cl)cccc1c2ccccc2,-3.2960000000000003
740,740,800,0.35135135135135137,O=C3CN=C(c1ccccc1)c2cc(ccc2N3)N(=O)=O,Clc1ccc(cc1Cl)c2ccccc2,2.594
741,741,795,0.5294117647058824,Cc1cccc2c(C)cccc12,Cc1cccc2c1ccc3ccccc32,1.1710000000000003
742,742,888,0.29411764705882354,Fc1ccc(F)cc1,Cc1ccc(N)cc1,-0.76
743,743,814,0.48148148148148145,O=C1NC(=O)NC(=O)C1(C(C)C)C(C)C,O=C1NC(=O)NC(=O)C1(CC)CCC(C)C,-0.1080000000000001
744,744,776,0.3888888888888889,Oc1cccc(Cl)c1Cl,Clc1ccc(Cl)c(Cl)c1Cl,3.2700000000000005
745,745,791,0.4074074074074074,CCCCCCC=C,CCCCCO,-3.8400000000000003
746,746,900,0.18867924528301888,COc2cnc1ncncc1n2,COC(=O)c1cccnc1,-0.679
747,747,766,0.13333333333333333,Cl\C=C/Cl,BrC(Cl)Cl,0.24
748,748,768,0.15384615384615385,ClC(=C(Cl)Cl)Cl,ClC(Cl)(Cl)C(Cl)(Cl)Cl,1.13
749,749,750,0.7441860465116279,CCCCCCCCCC(=O)OC,CCCCCCCCCC(=O)OCC,-0.5900000000000007
750,750,859,0.8461538461538461,CCCCCCCCCC(=O)OCC,CCCCCCCC(=O)OCC,-0.7099999999999995
751,751,870,0.23809523809523808,CCOC=C,CCOCC,-0.76
752,752,870,0.2608695652173913,CCC#CCC,CCOCC,-1.9
753,753,896,0.3157894736842105,N#Cc1ccccc1C#N,Clc1ccccc1I,1.1600000000000001
754,754,799,0.56,N(Nc1ccccc1)c2ccccc2,c1ccc(cc1)c2ccccc2,1.4249999999999998
755,755,848,0.17391304347826086,CC2(C)C1CCC(C)(C1)C2=O,CC(=O)OCC(=O)C3(O)CCC4C2CCC1=CC(=O)CCC1(C)C2C(=O)CC34C,2.36
756,756,767,0.5692307692307692,c3ccc2nc1ccccc1cc2c3,c2ccc1nc(ccc1c2)c4ccc3ccccc3n4,1.7300000000000004
757,757,843,0.1793478260869565,CC1OC(CC(O)C1O)OC2C(O)CC(OC2C)OC8C(O)CC(OC7CCC3(C)C(CCC4C3CC(O)C5(C)C(CCC45O)C6=CC(=O)OC6)C7)OC8C,CC34CCC1C(CCC2=CC(=O)CCC12O)C3CCC4(O)C#C,0.4889999999999999
758,758,877,0.5526315789473685,Nc1cccc(c1)N(=O)=O,O=N(=O)c1cccc(c1)N(=O)=O,0.10000000000000009
759,759,814,0.673469387755102,CCCCC1(CC)C(=O)NC(=O)NC1=O,O=C1NC(=O)NC(=O)C1(CC)CCC(C)C,0.9969999999999999
760,760,838,0.6285714285714286,Cc1ccc(cc1)N(=O)=O,COc1ccc(cc1)N(=O)=O,-0.08000000000000007
761,761,779,0.18,Brc1cc(Br)cc(Br)c1,CNC(=O)Oc1cc(C)cc(C)c1,-3.0189999999999992
762,762,865,0.5102040816326531,CNC(=O)Oc1cccc2ccccc12,c1ccccc1(OC(=O)NC),-1.4210000000000003
763,763,839,0.42857142857142855,COc1cccc(Cl)c1,COc1ccccc1Cl,-0.31999999999999984
764,764,898,0.42424242424242425,FC(F)(F)c1ccccc1,Sc1ccccc1,-0.3899999999999997
765,765,869,0.38461538461538464,CCOP(=S)(OCC)Oc1nc(Cl)c(Cl)cc1Cl,COP(=S)(OC)Oc1cc(Cl)c(Cl)cc1Cl,0.04999999999999982
766,766,781,0.23076923076923078,BrC(Cl)Cl,BrC(Br)Br,0.3699999999999999
767,767,795,0.3684210526315789,c2ccc1nc(ccc1c2)c4ccc3ccccc3n4,Cc1cccc2c1ccc3ccccc32,0.4499999999999993
768,768,769,0.30434782608695654,ClC(Cl)(Cl)C(Cl)(Cl)Cl,ClC(Cl)(Cl)C#N,-1.5019999999999998
769,769,831,0.08333333333333333,ClC(Cl)(Cl)C#N,Clc1cc(Cl)c(Cl)c(Cl)c1,2.4619999999999997
770,770,897,0.38461538461538464,CC(C)SC(C)C,CC(C)C(C)C(C)C,2.5599999999999996
771,771,798,0.4318181818181818,CC(C)N(C(=O)CCl)c1ccccc1,CC(=O)c1ccccc1,-1.2
772,772,888,0.5714285714285714,Cc1ccc(Cl)cc1,Cc1ccc(N)cc1,-1.87
773,773,901,0.3684210526315789,CC(C)CCO,CCC(C)C,2.67
774,774,826,0.38095238095238093,CCCCC=O,CCCCO,-0.85
775,775,826,0.5714285714285714,CCCO,CCCCO,0.62
776,776,831,0.4857142857142857,Clc1ccc(Cl)c(Cl)c1Cl,Clc1cc(Cl)c(Cl)c(Cl)c1,0.05999999999999961
777,777,831,0.2708333333333333,Clc1c(Cl)c(Cl)c(N(=O)=O)c(Cl)c1Cl,Clc1cc(Cl)c(Cl)c(Cl)c1,-1.1900000000000004
778,778,806,0.2608695652173913,CCOP(=S)(OCC)Oc1ccc(cc1)S(C)=O,CCOP(=S)(OCC)SCCSCC,1.9300000000000006
779,779,797,0.47058823529411764,CNC(=O)Oc1cc(C)cc(C)c1,CNC(=O)Oc1ccc(N(C)C)c(C)c1,-0.22100000000000053
780,780,899,0.18085106382978725,c1c(O)C2C(=O)C3cc(O)ccC3OC2cc1(OC),Oc2cc(O)c1C(=O)CC(Oc1c2)c3ccc(O)c(O)c3,0.677
781,781,880,0.11764705882352941,BrC(Br)Br,CC(C)CBr,0.5200000000000002
782,782,814,0.2702702702702703,C1(=O)NC(=O)NC(=O)C1(O)C2(O)C(=O)NC(=O)NC2(=O),O=C1NC(=O)NC(=O)C1(CC)CCC(C)C,0.6679999999999999
783,783,831,0.16666666666666666,ClC1C=CC2C1C3(Cl)C(=C(Cl)C2(Cl)C3(Cl)Cl)Cl,Clc1cc(Cl)c(Cl)c(Cl)c1,-1.6870000000000003
784,784,850,0.25842696629213485,CCC(=C(CC)c1ccc(O)cc1)c2ccc(O)cc2,CN(C)C(=O)Nc2ccc(Oc1ccc(Cl)cc1)cc2,0.8199999999999994
785,785,865,0.3269230769230769,COC(=O)c1ccccc1C(=O)OC,c1ccccc1(OC(=O)NC),0.14300000000000002
786,786,860,0.2903225806451613,O=C1CCCCC1,CC1=CCCCC1,2.67
787,787,835,0.33962264150943394,CC(OC(=O)Nc1cccc(Cl)c1)C#C,CC(=O)Nc1ccc(Cl)cc1,0.22599999999999998
788,788,812,0.3,CC1(OC(=O)N(C1=O)c2cc(Cl)cc(Cl)c2)C=C,Cn2c(=O)on(c1ccc(Cl)c(Cl)c1)c2=O,-2.105
789,789,859,0.3076923076923077,CCCCN(CC)C(=O)SCCC,CCCCCCCC(=O)OCC,-0.13999999999999968
790,790,813,0.3333333333333333,CC(C)(C)CCO,CCCCCC(C)(C)O,1.22
791,791,826,0.7058823529411765,CCCCCO,CCCCO,-0.6
792,792,799,0.5957446808510638,C(c1ccccc1)c2ccccc2,c1ccc(cc1)c2ccccc2,0.2649999999999997
793,793,826,0.4444444444444444,CCCCI,CCCCO,-2.96
794,794,858,0.4838709677419355,c1ccccc1SC,CCc1ccccc1,0.3799999999999999
795,795,853,0.4406779661016949,Cc1cccc2c1ccc3ccccc32,Cc1cccc2c1Cc3ccccc32,-0.6299999999999999
796,796,837,0.45,O=c1[nH]cnc2nc[nH]c12,O=c1[nH]cnc2[nH]ncc12,-0.029999999999999805
797,797,865,0.39215686274509803,CNC(=O)Oc1ccc(N(C)C)c(C)c1,c1ccccc1(OC(=O)NC),-0.5569999999999999
798,798,865,0.47368421052631576,CC(=O)c1ccccc1,c1ccccc1(OC(=O)NC),0.5229999999999999
799,799,817,0.6086956521739131,c1ccc(cc1)c2ccccc2,c1c(Cl)cccc1c2ccccc2,0.5350000000000001
800,800,817,0.625,Clc1ccc(cc1Cl)c2ccccc2,c1c(Cl)cccc1c2ccccc2,-1.5099999999999998
801,801,855,0.72,CCCC(C)(O)CC,CCCCC(C)(O)CC,0.6200000000000001
802,802,812,0.23076923076923078,Cn1cnc2n(C)c(=O)n(C)c(=O)c12,Cn2c(=O)on(c1ccc(Cl)c(Cl)c1)c2=O,1.944
803,803,838,0.3387096774193548,OCC(NC(=O)C(Cl)Cl)C(O)c1ccc(cc1)N(=O)=O,COc1ccc(cc1)N(=O)=O,0.29899999999999993
804,804,875,0.35,Oc1cccc2cccnc12,Nc1ccccc1O,-1.7
805,805,833,0.41935483870967744,Cc1ccnc(C)c1,Cc1cccnc1C,0.0
806,806,870,0.21428571428571427,CCOP(=S)(OCC)SCCSCC,CCOCC,-4.140000000000001
807,807,866,0.4507042253521127,OC(c1ccc(Cl)cc1)(c2cncnc2)c3ccccc3Cl,Clc1ccc(cc1)c2ccccc2Cl,0.9000000000000004
808,808,898,0.3409090909090909,Cc1cc(=O)n(c2ccccc2)n1C,Sc1ccccc1,2.835
809,809,898,0.4375,C1OC1c2ccccc2,Sc1ccccc1,0.52
810,810,865,0.15517241379310345,CNC(=O)C=C(C)OP(=O)(OC)OC,c1ccccc1(OC(=O)NC),2.4539999999999997
811,811,858,0.5,NC(=O)NCc1ccccc1,CCc1ccccc1,1.82
812,812,820,0.3684210526315789,Cn2c(=O)on(c1ccc(Cl)c(Cl)c1)c2=O,CCC(=O)Nc1ccc(Cl)c(Cl)c1,0.18000000000000016
813,813,855,0.5333333333333333,CCCCCC(C)(C)O,CCCCC(C)(O)CC,-0.11999999999999988
814,814,857,0.359375,O=C1NC(=O)NC(=O)C1(CC)CCC(C)C,CCCC(C)C1(CC=C)C(=O)NC(=S)NC1=O,0.802
815,815,888,0.3018867924528302,Nc1ccc(cc1)S(=O)(=O)c2ccc(N)cc2,Cc1ccc(N)cc1,-1.884
816,816,860,0.3055555555555556,CC1=CCC(CC1)C(C)=C,CC1=CCCCC1,-0.9899999999999998
817,817,866,0.41818181818181815,c1c(Cl)cccc1c2ccccc2,Clc1ccc(cc1)c2ccccc2Cl,0.40000000000000036
818,818,869,0.75,COP(=S)(OC)Oc1cc(Cl)c(Br)cc1Cl,COP(=S)(OC)Oc1cc(Cl)c(Cl)cc1Cl,-0.3700000000000001
819,819,840,0.34375,OC1CCCCC1,CCCC1CCCC1,4.3
820,820,835,0.3541666666666667,CCC(=O)Nc1ccc(Cl)c(Cl)c1,CC(=O)Nc1ccc(Cl)cc1,-0.15700000000000003
821,821,833,0.24615384615384617,CCN2c1cc(OC)cc(C)c1NC(=O)c3cccnc23,Cc1cccnc1C,-5.5329999999999995
822,822,878,0.3958333333333333,CCCCC1C(=O)N(N(C1=O)c2ccccc2)c3ccccc3,O=C1N(COC(=O)C)C(=O)C(N1)(c2ccccc2)c3ccccc3,0.6599999999999997
823,823,832,0.5,Cc1cccc(C)c1C,Cc1ccc(C)c(C)c1,0.10999999999999988
824,824,856,0.3411764705882353,CN2C(=C(O)c1ccccc1S2(=O)=O)C(=O)Nc3ccccn3,CC1=C(C(=O)Nc2ccccc2)S(=O)(=O)CCO1,-1.879
825,825,837,0.17777777777777778,Cc1cc(=O)[nH]c(=S)[nH]1,O=c1[nH]cnc2[nH]ncc12,-0.16999999999999993
826,826,855,0.3333333333333333,CCCCO,CCCCC(C)(O)CC,1.6
827,827,858,0.3050847457627119,O=C(Cn1ccnc1N(=O)=O)NCc2ccccc2,CCc1ccccc1,-0.040000000000000036
828,828,876,0.8695652173913043,CCCCCCCCCCCCCC,CCCCCCCCCCCCCCCC,0.4400000000000004
829,829,877,0.4791666666666667,O=N(=O)c1cc(cc(c1)N(=O)=O)N(=O)=O,O=N(=O)c1cccc(c1)N(=O)=O,-0.6000000000000001
830,830,891,0.26229508196721313,Nc3nc(N)c2nc(c1ccccc1)c(N)nc2n3,NNc1ccccc1,-2.4739999999999998
831,831,893,0.4230769230769231,Clc1cc(Cl)c(Cl)c(Cl)c1,Clc1cc(Cl)c(c(Cl)c1)c2c(Cl)cc(Cl)cc2Cl,4.080000000000001
832,832,892,0.3939393939393939,Cc1ccc(C)c(C)c1,Cc1ccncc1C,-3.67
833,833,892,0.41935483870967744,Cc1cccnc1C,Cc1ccncc1C,0.020000000000000018
834,834,872,0.45454545454545453,c1nccc(C(=O)NN)c1,Oc1ccncc1,-1.0110000000000001
835,835,850,0.43333333333333335,CC(=O)Nc1ccc(Cl)cc1,CN(C)C(=O)Nc2ccc(Oc1ccc(Cl)cc1)cc2,2.0469999999999997
836,836,847,0.28378378378378377,CCOC2Oc1ccc(OS(C)(=O)=O)cc1C2(C)C,CCOc2ccc1nc(sc1c2)S(N)(=O)=O,0.3900000000000001
837,837,862,0.15625,O=c1[nH]cnc2[nH]ncc12,CCC1(C(=O)NCNC1=O)c2ccccc2,0.3740000000000001
838,838,863,0.4523809523809524,COc1ccc(cc1)N(=O)=O,COc1ccc(C=CC)cc1,0.7199999999999998
839,839,896,0.5161290322580645,COc1ccccc1Cl,Clc1ccccc1I,1.08
840,840,860,0.19444444444444445,CCCC1CCCC1,CC1=CCCCC1,-1.4700000000000002
841,841,901,0.4666666666666667,ClCC(C)C,CCC(C)C,1.1800000000000002
842,842,901,0.4,CC(C)CC(=O)C,CCC(C)C,2.4400000000000004
843,843,848,0.4158415841584158,CC34CCC1C(CCC2=CC(=O)CCC12O)C3CCC4(O)C#C,CC(=O)OCC(=O)C3(O)CCC4C2CCC1=CC(=O)CCC1(C)C2C(=O)CC34C,-0.3600000000000003
844,844,864,0.125,CNN,CC,2.7
845,845,853,0.29213483146067415,Cc1ccc(OP(=O)(Oc2cccc(C)c2)Oc3ccccc3C)cc1,Cc1cccc2c1Cc3ccccc32,-0.79
846,846,868,0.5789473684210527,Clc1ccc(Cl)c(c1)c2cccc(Cl)c2Cl,Clc1ccc(c(Cl)c1)c2c(Cl)ccc(Cl)c2Cl,0.96
847,847,890,0.2087912087912088,CCOc2ccc1nc(sc1c2)S(N)(=O)=O,CC2Cc1ccccc1N2NC(=O)c3ccc(Cl)c(c3)S(N)(=O)=O,-0.22399999999999975
848,848,884,0.18518518518518517,CC(=O)OCC(=O)C3(O)CCC4C2CCC1=CC(=O)CCC1(C)C2C(=O)CC34C,O=c2[nH]c1CCCc1c(=O)n2C3CCCCC3,0.38399999999999945
849,849,870,0.2608695652173913,CCSSCC,CCOCC,-2.33
850,850,854,0.36666666666666664,CN(C)C(=O)Nc2ccc(Oc1ccc(Cl)cc1)cc2,Clc1ccc(CN(C2CCCC2)C(=O)Nc3ccccc3)cc1,1.0250000000000004
851,851,886,0.12345679012345678,OCC2OC(OC1(CO)OC(CO)C(O)C1O)C(O)C(O)C2O,OCC(O)C(O)C(O)C(O)CO,-0.30000000000000004
852,852,881,0.125,C=CC=O,CC(C)COC=O,1.58
853,853,866,0.35,Cc1cccc2c1Cc3ccccc32,Clc1ccc(cc1)c2ccccc2Cl,0.0600000000000005
854,854,866,0.3375,Clc1ccc(CN(C2CCCC2)C(=O)Nc3ccccc3)cc1,Clc1ccc(cc1)c2ccccc2Cl,-0.6349999999999998
855,855,859,0.2727272727272727,CCCCC(C)(O)CC,CCCCCCCC(=O)OCC,1.79
856,856,891,0.32727272727272727,CC1=C(C(=O)Nc2ccccc2)S(=O)(=O)CCO1,NNc1ccccc1,-2.351
857,857,862,0.2,CCCC(C)C1(CC=C)C(=O)NC(=S)NC1=O,CCC1(C(=O)NCNC1=O)c2ccccc2,-0.8199999999999998
858,858,898,0.4827586206896552,CCc1ccccc1,Sc1ccccc1,-0.6499999999999999
859,859,876,0.3389830508474576,CCCCCCCC(=O)OCC,CCCCCCCCCCCCCCCC,5.01
860,860,883,0.13513513513513514,CC1=CCCCC1,Cc1ccccc1Br,-1.04
861,861,888,0.4666666666666667,Cc1cccc(N)c1,Cc1ccc(N)cc1,0.36
862,862,878,0.313953488372093,CCC1(C(=O)NCNC1=O)c2ccccc2,O=C1N(COC(=O)C)C(=O)C(N1)(c2ccccc2)c3ccccc3,1.8299999999999996
863,863,888,0.2619047619047619,COc1ccc(C=CC)cc1,Cc1ccc(N)cc1,-1.92
864,864,901,0.16666666666666666,CC,CCC(C)C,1.82
865,865,874,0.4,c1ccccc1(OC(=O)NC),CC(O)c1ccccc1,-0.8829999999999999
866,866,896,0.34782608695652173,Clc1ccc(cc1)c2ccccc2Cl,Clc1ccccc1I,-1.7400000000000002
867,867,870,0.18181818181818182,COCOC,CCOCC,0.57
868,868,893,0.42424242424242425,Clc1ccc(c(Cl)c1)c2c(Cl)ccc(Cl)c2Cl,Clc1cc(Cl)c(c(Cl)c1)c2c(Cl)cc(Cl)cc2Cl,1.2800000000000011
869,869,893,0.2328767123287671,COP(=S)(OC)Oc1cc(Cl)c(Cl)cc1Cl,Clc1cc(Cl)c(c(Cl)c1)c2c(Cl)cc(Cl)cc2Cl,2.990000000000001
870,870,901,0.2,CCOCC,CCC(C)C,3.0900000000000003
871,871,874,0.39215686274509803,c1ccccc1C(O)C(O)c2ccccc2,CC(O)c1ccccc1,-1.0099999999999998
872,872,892,0.2727272727272727,Oc1ccncc1,Cc1ccncc1C,0.66
873,873,892,0.09433962264150944,CCNc1nc(Cl)nc(NCC)n1,Cc1ccncc1C,-4.91
874,874,898,0.45161290322580644,CC(O)c1ccccc1,Sc1ccccc1,1.2000000000000002
875,875,896,0.375,Nc1ccccc1O,Clc1ccccc1I,2.8200000000000003
876,876,894,0.08928571428571429,CCCCCCCCCCCCCCCC,CCCN(=O)=O,-7.6000000000000005
877,877,896,0.2,O=N(=O)c1cccc(c1)N(=O)=O,Clc1ccccc1I,1.25
878,878,890,0.24074074074074073,O=C1N(COC(=O)C)C(=O)C(N1)(c2ccccc2)c3ccccc3,CC2Cc1ccccc1N2NC(=O)c3ccc(Cl)c(c3)S(N)(=O)=O,-0.8839999999999995
879,879,882,0.125,CN(C)C(=O)N(C)C,CCC(O)C(C)C,1.64
880,880,901,0.4666666666666667,CC(C)CBr,CCC(C)C,0.75
881,881,901,0.3181818181818182,CC(C)COC=O,CCC(C)C,2.17
882,882,901,0.47368421052631576,CCC(O)C(C)C,CCC(C)C,2.4800000000000004
883,883,896,0.375,Cc1ccccc1Br,Clc1ccccc1I,1.31
884,884,889,0.19298245614035087,O=c2[nH]c1CCCc1c(=O)n2C3CCCCC3,O=C1CCC(=O)N1,-4.893999999999999
885,885,898,0.34285714285714286,c2ccc1ocnc1c2,Sc1ccccc1,0.9600000000000002
886,886,897,0.06521739130434782,OCC(O)C(O)C(O)C(O)CO,CC(C)C(C)C(C)C,5.89
887,887,898,0.11764705882352941,C1C=CCC=C1,Sc1ccccc1,0.06000000000000005
888,888,896,0.2222222222222222,Cc1ccc(N)cc1,Clc1ccccc1I,2.33
889,889,899,0.06944444444444445,O=C1CCC(=O)N1,Oc2cc(O)c1C(=O)CC(Oc1c2)c3ccc(O)c(O)c3,3.92
890,890,896,0.2054794520547945,CC2Cc1ccccc1N2NC(=O)c3ccc(Cl)c(c3)S(N)(=O)=O,Clc1ccccc1I,-0.04600000000000026
891,891,898,0.4827586206896552,NNc1ccccc1,Sc1ccccc1,2.19
892,892,900,0.28205128205128205,Cc1ccncc1C,COC(=O)c1cccnc1,0.8200000000000001
893,893,899,0.17777777777777778,Clc1cc(Cl)c(c(Cl)c1)c2c(Cl)cc(Cl)cc2Cl,Oc2cc(O)c1C(=O)CC(Oc1c2)c3ccc(O)c(O)c3,-5.090000000000001
894,894,901,0.13043478260869565,CCCN(=O)=O,CCC(C)C,2.38
895,895,898,0.20588235294117646,CC(C)OP(=S)(OC(C)C)SCCNS(=O)(=O)c1ccccc1,Sc1ccccc1,-2.08
896,896,898,0.3548387096774194,Clc1ccccc1I,Sc1ccccc1,-1.42
897,897,901,0.25,CC(C)C(C)C(C)C,CCC(C)C,-1.6199999999999997
898,898,900,0.17073170731707318,Sc1ccccc1,COC(=O)c1cccnc1,-1.6600000000000001
899,899,900,0.11688311688311688,Oc2cc(O)c1C(=O)CC(Oc1c2)c3ccc(O)c(O)c3,COC(=O)c1cccnc1,-3.16
900,900,901,0.02631578947368421,COC(=O)c1cccnc1,CCC(C)C,2.72
